,Timestamp,Email,Age,Gender,Explorer_Rank,Builder_Rank,Director_Rank,Negotiator_Rank,Explorer_%_Streanth,Builder_%_Streanth,Director_%_Streanth,Negotiator_%_Streanth,Attachment_Style,Attachment_Style_Scale,Secure_attachment,Anxious-preoccupied_attachment,Fearful-avoidant_attachment,Dismissive–avoidant_attachment,FFM_Extraversion,FFM_Agreeableness,FFM_Concientiousness,FFM_Neurotism,FFM_Openess,Machiavellianism,Narcissism,Psychopathy,Dark_Triad_Compounded,RTB-#2,RTB-#3,RTB-#4,RTB-#5,RTB-#10,RTB-#13,RTB-#14,RTB-#1,RTB-#6,RTB-#7,RTB-#8,RTB-#9,RTB-#11,RTB-#12,RTB-#15,Sum_Positive_(temp),Sum_Negative_(temp),RTB-Final_Score,RTB-Category,Ambiguous_stimuli_in_general_(G),Complex_stimuli_(C),Uncertain_stimuli_(U),New/unfamiliar/novel_stimuli_(N),Insoluble/illogical/irreducible/internally_inconsistent_stimuli_(I),TFA_SUM,TFA_(Tolerance_for_Ambiguity)_Score,Self_Efficacy,Self-Discipline,Tolerance,Absorption,Appraisal,Regulation,Distress_Tolrance_Final,Creativity_bricolage,Pressure_stress,Action_persistence,Improvisation_capacity_Final,Creativity_Compound_Score_(IPIP),Locus_of_Control,Self-emotion_appraisal_(SEA),Others’_emotion_appraisal_(OEA),Use_of_emotion_(UOE),Regulation_of_emotion_(ROE),ESI_Compund_Score,Social_Desirabilty_Score,Social_Desirability_Category,ERM-__Physical_Endurance,TMM-_Physical_Tempo,SS-_Risk_Seeking,ERS-_Social_Endurance,TMS-_Social_Tempo,EMP-_Empathy,ERI-_Intellectual_Endurance,PL-_Plasticity,PRO-_Probab_thinking,SLF-_Self-confidence,IMP-__Impulsivity,NEU-_Neuroticism,CNTL-_Social_desirability_tendency_for_STQ-77_(15-20_demonstrate_high_Social_Desirablity_and_may_be_discarded_at_your_discression),V_STD-_Self-direction_Thought,V_SDA-_Self-direction_Action,V_ST-_Stimulation,V_HE-_Hedonism,V_AC-_Achievement,V_POR-_Power_Dominance,V_POD-_Power_Resources,V_FAC-_Face,V_SEP-_Security_Personal,V_SES-_Security_Societal,V_TR-_Tradition,V_COR-_Conformity-Rules,V_COI-_Conformity-Interpersonal,V_HU-_Humility,V_UNN-_Universalism-Nature,V_UNC-_Universalism-Concern,V_UNT-_Universalism-Tolerance,V_BEC-_Benevolence_–Care,V_BED-_Benevolence-Dependability,Feminist_attitudes,Religion_if_relevant,Degree_of_religiosity,Family Status,Education,Employment Type,device_id,label,timeframe,timestamp,build_id,manufacturer
0,21/05/2020 13:05,confidential,26,Female,44,39,38,48,0.79,0.7,0.68,0.86,Secure_attachment,סגנון א': קל עבורי להתקרב רגשית לאחרים. אני מרגיש/מרגישה בנוח לסמוך עליהם ומרגיש/מרגישה בנוח כאשר סומכים עלי. אינני חושש/חוששת מלהיות לבד או שמא אחרים לא יקבלו אותי,6,4,1,1,4,3,4,3.5,3.5,1.5,3.8,2.3,2.5,0,0,1,1,0,1,1,0,1,1,1,0,1,0,0,4,4,8,Medium Risk-Attitude,3.8,4.5,2,2.5,5,50,3.846,44,41,12,9,22,15,58,58,52,45,155,48,26,6.75,6.25,7,5.5,6.375,6,Medium Social Desirablity,5,0,5,15,15,10,10,5,10,5,0,0,20,0,0,0,0,0,0,0,0,0,0,0,0,0,0,0,0,0,0,0,,,,,,,b5af9398-e131-451b-8c78-968d1805f058,confidential,45:54.0,1.62E+12,PPR1.180610.011.G950FXXSBDUA3,samsung
1,02/06/2020 8:20,confidential,26,Female,42,42,34,41,0.75,0.75,0.61,0.73,Secure_attachment,סגנון א': קל עבורי להתקרב רגשית לאחרים. אני מרגיש/מרגישה בנוח לסמוך עליהם ומרגיש/מרגישה בנוח כאשר סומכים עלי. אינני חושש/חוששת מלהיות לבד או שמא אחרים לא יקבלו אותי,7,1,1,3,4.5,4,4.5,1.5,4,1.3,2.3,3.8,2.4,0,0,1,1,0,1,1,1,1,1,1,0,0,1,1,4,6,10,Medium Risk-Attitude,3,4,2,4,4.666666667,47,3.615,44,46,9,15,26,11,61,52,39,50,141,40,31,7,6.75,6.75,6.25,6.6875,6,Medium Social Desirablity,5,0,5,15,15,10,10,5,10,5,0,0,20,0,0,0,0,0,0,0,0,0,0,0,0,0,0,0,0,0,0,0,,,,,,,18aaeaaa-58e3-47d5-ab81-fef2063d340e,confidential,47:32.2,1.61E+12,PPR1.180610.011.G965FXXU7CSJ1,samsung
2,24/10/2020 9:17,confidential,53,Female,28,20,24,36,0.5,0.36,0.43,0.64,Secure_attachment,סגנון א': קל עבורי להתקרב רגשית לאחרים. אני מרגיש/מרגישה בנוח לסמוך עליהם ומרגיש/מרגישה בנוח כאשר סומכים עלי. אינני חושש/חוששת מלהיות לבד או שמא אחרים לא יקבלו אותי,2,6,6,7,1.5,1.5,2,4.5,3.5,4,4.5,3.5,4,1,1,0,0,1,1,1,1,1,0,1,1,1,0,0,5,5,10,Medium Risk-Attitude,2.6,2.5,2,3,1.666666667,31,2.385,22,20,11,12,23,11,57,47,37,16,100,30,29,1,2.5,1.75,1.75,1.75,2,Low Social Desirability,17,19,18,14,13,16,10,12,12,19,15,16,11,2,1.333333333,3.666666667,2,2.333333333,4.666666667,4.666666667,2,2.333333333,1.666666667,1.666666667,2,4.333333333,2.333333333,2.333333333,1.666666667,1.333333333,1,1.333333333,1,יהודי,3,,,,94903104-e074-4b3f-bac2-0237076c53c3,confidential,46:41.8,1.61E+12,PPR1.180610.011.A530FXXUCCTE6,samsung
3,26/11/2020 17:40,confidential,26,Male,40,45,43,42,0.71,0.8,0.77,0.75,Secure_attachment,סגנון א': קל עבורי להתקרב רגשית לאחרים. אני מרגיש/מרגישה בנוח לסמוך עליהם ומרגיש/מרגישה בנוח כאשר סומכים עלי. אינני חושש/חוששת מלהיות לבד או שמא אחרים לא יקבלו אותי,6,2,1,4,3,2.5,3,1.5,3.5,1.3,2.3,2.5,2,1,1,1,1,1,1,0,0,1,0,1,1,1,0,0,6,4,10,Medium Risk-Attitude,4.4,5,4,4,4.666666667,58,4.462,44,40,15,9,24,7,55,43,33,42,118,49,35,4.75,5.75,6,5.5,5.5,7,High Social Desirability,17,15,12,18,14,18,14,14,20,17,9,11,18,6,6,5.333333333,5.666666667,6,4.666666667,4,6,5,6,4.333333333,5,4.666666667,5,5.666666667,6,6,5.666666667,5.666666667,5,יהודי,2,,,,9ef8f342-07f1-4884-8d5f-e321acc3031e,confidential,47:55.6,1.61E+12,QP1A.190711.020.G980FXXU4BTIB,samsung
4,09/02/2021 13:42,confidential,28,Female,25,46,25,42,0.45,0.82,0.45,0.75,Anxious-preoccupied_attachment,"סגנון ב': אינני מרגיש בנוח להתקרב לאחרים. אני שואף/שואפת למערכת יחסים רגשית קרובה אך מוצא קושי במתן אמון מוחלט באחרים, או לסמוך עליהם. אני חושש שאפגע אם ארשה לעצמי להתקרב במידה רבה מידי לאחרים.",1,7,7,4,3,1,3,3,4,1,1,1,1,0,1,1,1,0,0,0,1,1,0,1,0,0,0,0,3,3,6,Medium Risk-Attitude,1.8,1.5,1,1,2.666666667,23,1.769,31,41,3,5,8,5,21,12,14,33,59,38,27,5,5.25,4.25,4.5,4.75,5,Medium Social Desirablity,9,8,7,10,8,17,14,10,17,11,13,18,13,4.666666667,6,3.333333333,3.666666667,4,1,1.333333333,4,4.333333333,5,3.333333333,3.333333333,5.333333333,4.666666667,4.666666667,5.666666667,6,5,5.333333333,4,יהודי,2,רווק/רווקה,תאר ראשון ומעלה (15 שנות לימוד ומעלה),קבוע,9684a428-f994-4588-ab54-9907341809db,confidential,26:48.5,1.61E+12,QP1A.190711.020.A750FXXU5CUA2,samsung
5,23/02/2021 21:21,confidential,32,Male,49,30,33,48,0.88,0.54,0.59,0.86,Secure_attachment,סגנון א': קל עבורי להתקרב רגשית לאחרים. אני מרגיש/מרגישה בנוח לסמוך עליהם ומרגיש/מרגישה בנוח כאשר סומכים עלי. אינני חושש/חוששת מלהיות לבד או שמא אחרים לא יקבלו אותי,5,2,2,4,3.5,3,3,2.5,5,1.3,1.3,2.8,1.8,1,1,1,1,0,1,1,1,0,0,0,1,1,0,1,6,4,10,Medium Risk-Attitude,3.4,3,3,3,3.666666667,43,3.308,43,32,10,9,20,9,48,45,38,38,121,34,24,2.75,5,4.75,4.5,4.25,5,Medium Social Desirablity,13,13,18,19,22,16,14,15,19,18,16,8,13,5,4.666666667,4,4.666666667,4.666666667,3.666666667,2.666666667,4.333333333,4.333333333,6,5,2,3,3.333333333,2.333333333,4.666666667,4,4.666666667,4,3,יהודי,3,רווק/רווקה,תאר ראשון ומעלה (15 שנות לימוד ומעלה),זמני,47bdefcf-896e-4e7b-b61b-caf6b1d92d56,confidential,31:16.7,1.61E+12,PPR1.180610.011.G960FXXU2CRLI,samsung
6,01/03/2021 17:57,confidential,22,Female,39,43,21,43,0.7,0.77,0.38,0.77,Fearful-avoidant_attachment,"סגנון ג': אני רוצה להתמסר באופן רגשי ואינטימי לאחרים, אך לעיתים קרובות אני מוצא/מוצאת שאחרים אינם מעוניינים להתקרב אלי באופן שבו אני מעוניין/מעוניינת להתקרב אליהם. אינני מרגיש/ה בנוח כאשר אין לי מערכת יחסים קרובה, אך לעיתים חושש/ת שאחרים לא יעריכו אותי באותה מידה בה אני מעריך/מעריכה אותם.",5,4,6,1,3.5,3,3.5,3.5,3.5,2,2.5,1.3,1.9,0,0,0,1,0,0,1,0,0,0,1,0,0,1,0,2,2,4,Low Risk-Attitude,2.2,3,2,2,4.333333333,36,2.769,34,39,10,12,23,9,54,29,21,34,84,30,31,4,6.25,4.75,1.75,4.1875,5,Medium Social Desirablity,15,10,12,15,11,20,19,14,18,12,15,18,13,3.333333333,3.333333333,2,5,5.333333333,1.333333333,2.666666667,2.666666667,4.666666667,5.666666667,5,6,5.666666667,5.333333333,3.666666667,5,6,6,5,3,יהודי,3,רווק/רווקה,תיכונית (12 שנות לימוד),זמני,9eacd12f-50d4-4002-99e5-a3b4330497ea,confidential,59:43.5,1.61E+12,QP1A.190711.020.G975FXXS9DTK9,samsung
7,06/03/2021 12:52,confidential,19,Female,40,47,35,45,0.71,0.84,0.63,0.8,Anxious-preoccupied_attachment,"סגנון ב': אינני מרגיש בנוח להתקרב לאחרים. אני שואף/שואפת למערכת יחסים רגשית קרובה אך מוצא קושי במתן אמון מוחלט באחרים, או לסמוך עליהם. אני חושש שאפגע אם ארשה לעצמי להתקרב במידה רבה מידי לאחרים.",4,6,4,2,3,5,4.5,2,2,2.3,2.3,2.3,2.3,1,1,1,1,1,1,1,1,1,0,1,0,0,1,0,7,4,11,Strong Risk-Attitude,2.8,3,1,3,1.333333333,31,2.385,28,36,6,6,18,8,38,33,33,36,102,38,32,5.75,3,4.25,4.25,4.3125,8,High Social Desirability,14,7,14,23,18,22,20,15,13,15,9,17,10,2.666666667,2.333333333,5.666666667,5.333333333,4.333333333,2.666666667,3.666666667,4.333333333,4.333333333,2,6,5.333333333,5.666666667,5,4.666666667,5.333333333,6,5,4.666666667,4,יהודי,3,רווק/רווקה,תיכונית (12 שנות לימוד),זמני,ec7ccc46-dc28-407b-b067-3e1bdec74b03,confidential,46:39.1,1.62E+12,QP1A.190711.020.A315FXXU1BUA1,samsung
8,25/03/2021 22:14,confidential,27,Female,31,44,36,46,0.55,0.79,0.64,0.82,Fearful-avoidant_attachment,"סגנון ג': אני רוצה להתמסר באופן רגשי ואינטימי לאחרים, אך לעיתים קרובות אני מוצא/מוצאת שאחרים אינם מעוניינים להתקרב אלי באופן שבו אני מעוניין/מעוניינת להתקרב אליהם. אינני מרגיש/ה בנוח כאשר אין לי מערכת יחסים קרובה, אך לעיתים חושש/ת שאחרים לא יעריכו אותי באותה מידה בה אני מעריך/מעריכה אותם.",5,3,5,3,2.5,4.5,4,2,2,1.3,3.3,2,2.2,0,0,1,1,0,0,1,0,0,0,0,0,0,1,0,3,1,4,Low Risk-Attitude,2.2,3,1,2,1.666666667,27,2.077,34,38,5,8,15,5,33,31,20,36,87,33,27,6,6,4.25,4.25,5.125,6,Medium Social Desirablity,13,13,13,14,9,16,14,12,17,10,12,19,13,5.333333333,5,4.333333333,4.666666667,4.333333333,2,2.333333333,5.333333333,5.333333333,6,4,4,5.666666667,3.666666667,3.333333333,5.666666667,4.666666667,4.666666667,4,3,יהודי,3,רווק/רווקה,תאר ראשון ומעלה (15 שנות לימוד ומעלה),זמני,c8308959-2867-46e5-bf0b-4ee3e795a1b7,confidential,34:57.6,1.62E+12,00WW_5_15K,HMD Global
9,30/03/2021 10:11,confidential,30,Male,49,49,55,43,0.88,0.88,0.98,0.77,Anxious-preoccupied_attachment,"סגנון ב': אינני מרגיש בנוח להתקרב לאחרים. אני שואף/שואפת למערכת יחסים רגשית קרובה אך מוצא קושי במתן אמון מוחלט באחרים, או לסמוך עליהם. אני חושש שאפגע אם ארשה לעצמי להתקרב במידה רבה מידי לאחרים.",4,5,4,4,2.5,3,4,2.5,3.5,1,1,3.3,1.8,0,1,1,1,1,1,1,1,1,0,1,0,0,0,0,6,3,9,Medium Risk-Attitude,4,4,5,2.5,5,53,4.077,44,39,6,6,12,6,30,34,32,33,99,42,29,4.75,5.75,6,6,5.625,4,Medium Social Desirablity,23,22,16,17,20,19,19,20,21,19,23,17,13,4,4,4,3.666666667,3.666666667,2.333333333,2.666666667,2.666666667,3.333333333,4,3,3,2,2.666666667,3.666666667,4,3.666666667,4,3.666666667,5,יהודי,1,רווק/רווקה,תיכונית (12 שנות לימוד),זמני,171408ba-1802-416a-b00d-335bbe2eee6e,confidential,09:51.2,1.62E+12,PPW29.116-11-28,motorola
10,30/03/2021 13:48,confidential,26,Male,28,41,38,39,0.5,0.73,0.68,0.7,Fearful-avoidant_attachment,"סגנון ג': אני רוצה להתמסר באופן רגשי ואינטימי לאחרים, אך לעיתים קרובות אני מוצא/מוצאת שאחרים אינם מעוניינים להתקרב אלי באופן שבו אני מעוניין/מעוניינת להתקרב אליהם. אינני מרגיש/ה בנוח כאשר אין לי מערכת יחסים קרובה, אך לעיתים חושש/ת שאחרים לא יעריכו אותי באותה מידה בה אני מעריך/מעריכה אותם.",6,2,7,2,2.5,4,3,1.5,2,1,1,1.8,1.3,0,0,1,1,1,1,1,1,1,0,1,0,0,0,0,5,3,8,Medium Risk-Attitude,3.4,4.5,4,2,4.333333333,47,3.615,31,34,6,5,14,6,31,17,42,40,99,28,34,5,5.25,5,5,5.0625,9,High Social Desirability,18,16,13,13,12,18,17,16,15,13,12,15,15,4,4,3,4,3.666666667,3,1.666666667,2.666666667,4,5,3.666666667,4,4.333333333,4.333333333,4.666666667,5,5.333333333,5.333333333,4.333333333,4,יהודי,4,רווק/רווקה,תאר ראשון ומעלה (15 שנות לימוד ומעלה),זמני,ea6f66a2-97b3-49e1-a938-73703b2f9f0b,confidential,00:26.4,1.62E+12,COL-L29 10.0.0.177(C636E3R1P4),HUAWEI
11,30/03/2021 14:55,confidential,50,Male,42,48,49,48,0.75,0.86,0.88,0.86,Dismissive–avoidant_attachment,סגנון ד': אני מרגיש/מרגישה בנוח ללא מערכת יחסים רגשית קרובה. מאוד חשוב לי להרגיש עצמאי/ת ובלתי תלויה ואני מעדיף/מעדיפה לא להסתמך על אחרים או שאחרים יסתמכו עלי.,2,3,4,5,2,1.5,1.5,4.5,2.5,1.8,2.3,2.5,2.2,0,1,1,1,1,1,1,0,0,0,1,0,0,0,0,6,1,7,Medium Risk-Attitude,3.6,2.5,3,2.5,1.333333333,35,2.692,43,29,9,7,18,9,43,28,53,58,139,37,31,5.75,6.75,6.25,6.25,6.25,6,Medium Social Desirablity,18,19,13,17,17,15,16,18,16,17,17,15,12,4.666666667,6,6,5.333333333,6,6,5.666666667,6,6,5,6,6,6,5.666666667,5.666666667,5.666666667,5.333333333,5.666666667,6,5,יהודי,3,נשוי/נשואה,תאר ראשון ומעלה (15 שנות לימוד ומעלה),קבוע,85386662-12c6-4e15-83f6-9300da37898a,confidential,58:58.6,1.62E+12,QP1A.190711.020.G965FXXSEFUA1,samsung
12,30/03/2021 16:21,confidential,46,Female,38,56,44,41,0.68,1,0.79,0.73,Anxious-preoccupied_attachment,"סגנון ב': אינני מרגיש בנוח להתקרב לאחרים. אני שואף/שואפת למערכת יחסים רגשית קרובה אך מוצא קושי במתן אמון מוחלט באחרים, או לסמוך עליהם. אני חושש שאפגע אם ארשה לעצמי להתקרב במידה רבה מידי לאחרים.",1,7,1,6,4,2,5,3,4,1,1,1.5,1.2,0,0,0,1,1,1,1,1,1,0,1,0,0,0,0,4,3,7,Medium Risk-Attitude,2.4,1.5,2,3,3.333333333,33,2.538,46,50,15,11,27,15,68,55,41,50,146,47,39,7,7,7,4.5,6.375,5,Medium Social Desirablity,18,21,10,9,20,6,21,15,15,14,12,19,14,6,6,3.666666667,6,4.333333333,4.333333333,1.666666667,5.333333333,5,6,6,3,3.333333333,3,6,4,3,6,4.333333333,3,יהודי,3,נשוי/נשואה,תאר ראשון ומעלה (15 שנות לימוד ומעלה),קבוע,1e64a9ac-ccc2-4bf7-9092-87a26382b192,confidential,36:18.0,1.62E+12,PPR1.180610.011.A105FDDU3ASL2,samsung
13,30/03/2021 16:27,confidential,27,Female,48,51,56,44,0.86,0.91,1,0.79,Secure_attachment,סגנון א': קל עבורי להתקרב רגשית לאחרים. אני מרגיש/מרגישה בנוח לסמוך עליהם ומרגיש/מרגישה בנוח כאשר סומכים עלי. אינני חושש/חוששת מלהיות לבד או שמא אחרים לא יקבלו אותי,7,2,2,1,3.5,5,4.5,2.5,2,1.5,1,2.3,1.6,0,1,1,0,0,1,0,0,0,0,1,0,0,0,0,3,1,4,Low Risk-Attitude,4.4,5,2,4,5,57,4.385,43,50,8,6,8,15,37,57,44,60,161,41,31,7,6.75,7,7,6.9375,7,High Social Desirability,20,17,16,21,21,20,21,20,19,15,9,17,19,6,6,6,6,6,4.333333333,6,6,6,6,6,6,6,6,6,6,6,6,6,4,יהודי,3,רווק/רווקה,תאר ראשון ומעלה (15 שנות לימוד ומעלה),קבוע,3ceb4a39-36f6-4618-a52e-9344a12ac9ed,confidential,29:17.5,1.62E+12,RP1A.200720.012.A515FXXU4DUB1,samsung
14,30/03/2021 22:46,confidential,18,Female,35,45,38,45,0.63,0.8,0.68,0.8,Anxious-preoccupied_attachment,"סגנון ב': אינני מרגיש בנוח להתקרב לאחרים. אני שואף/שואפת למערכת יחסים רגשית קרובה אך מוצא קושי במתן אמון מוחלט באחרים, או לסמוך עליהם. אני חושש שאפגע אם ארשה לעצמי להתקרב במידה רבה מידי לאחרים.",2,6,4,6,1.5,1,3.5,3,5,1,4.3,3.8,3,0,0,1,1,1,1,1,1,1,0,0,0,0,1,0,5,3,8,Medium Risk-Attitude,1.8,2.5,1,2,5,34,2.615,33,39,14,9,22,13,58,39,30,30,99,34,36,4.75,6,4.75,5.5,5.25,4,Medium Social Desirablity,17,15,15,7,14,12,14,13,22,11,16,16,13,5.333333333,6,4.333333333,5.333333333,4.666666667,5,3.666666667,5.666666667,5,6,2,2.333333333,3.666666667,3.333333333,4,2.333333333,3,4.333333333,4.333333333,4,יהודי,2,רווק/רווקה,תיכונית (12 שנות לימוד),זמני,98af4108-3eb8-4657-8915-60ef63081bd1,confidential,43:53.2,1.62E+12,QKQ1.190910.002 V12.0.1.0.QFGMIXM,Xiaomi
15,31/03/2021 12:18,confidential,27,Female,31,48,27,48,0.55,0.86,0.48,0.86,Fearful-avoidant_attachment,"סגנון ג': אני רוצה להתמסר באופן רגשי ואינטימי לאחרים, אך לעיתים קרובות אני מוצא/מוצאת שאחרים אינם מעוניינים להתקרב אלי באופן שבו אני מעוניין/מעוניינת להתקרב אליהם. אינני מרגיש/ה בנוח כאשר אין לי מערכת יחסים קרובה, אך לעיתים חושש/ת שאחרים לא יעריכו אותי באותה מידה בה אני מעריך/מעריכה אותם.",1,1,6,1,4.5,3,5,3.5,2.5,1,3.3,1,1.8,0,1,1,1,0,0,1,0,0,0,0,0,0,0,0,4,0,4,Low Risk-Attitude,1.4,1,1,1.5,1,16,1.231,43,41,4,3,12,3,22,24,26,38,88,23,33,6.25,5.25,7,3.5,5.5,2,Low Social Desirability,14,15,15,23,21,18,11,13,12,11,23,23,10,3,4,4.333333333,6,6,3,1.333333333,6,6,6,1,6,6,3.666666667,5.333333333,4.666666667,2.333333333,6,5.333333333,1,יהודי,2,רווק/רווקה,תאר ראשון ומעלה (15 שנות לימוד ומעלה),קבוע,b2736d8a-f2cf-472f-9bcf-fe3377f5cb1c,confidential,59:07.4,1.62E+12,AL2522-Merlin-V101-Q-0609,Xiaomi
16,31/03/2021 12:57,confidential,38,Female,42,52,53,49,0.75,0.93,0.95,0.88,Anxious-preoccupied_attachment,"סגנון ב': אינני מרגיש בנוח להתקרב לאחרים. אני שואף/שואפת למערכת יחסים רגשית קרובה אך מוצא קושי במתן אמון מוחלט באחרים, או לסמוך עליהם. אני חושש שאפגע אם ארשה לעצמי להתקרב במידה רבה מידי לאחרים.",1,7,1,2,2.5,2,2.5,4,4.5,1.3,1.8,2,1.7,1,1,1,1,0,1,0,0,1,0,1,0,0,1,0,5,3,8,Medium Risk-Attitude,2.2,1.5,1,3,3.333333333,31,2.385,47,39,3,6,14,3,26,56,31,58,145,41,23,7,7,7,5.25,6.5625,5,Medium Social Desirablity,15,16,14,13,22,18,23,11,14,12,15,14,11,6,6,5.333333333,6,5.333333333,5.333333333,4,6,5.333333333,5.333333333,6,5.666666667,5.333333333,4.333333333,4.333333333,4.333333333,6,6,5.666666667,3,יהודי,4,נשוי/נשואה,תיכונית (12 שנות לימוד),זמני,08541345-26e2-43c7-9391-a48ce61005d1,confidential,19:46.9,1.62E+12,R16NW.G960FXXU2BRGA,samsung
17,31/03/2021 15:48,confidential,24,Female,36,41,35,51,0.64,0.73,0.63,0.91,Secure_attachment,סגנון א': קל עבורי להתקרב רגשית לאחרים. אני מרגיש/מרגישה בנוח לסמוך עליהם ומרגיש/מרגישה בנוח כאשר סומכים עלי. אינני חושש/חוששת מלהיות לבד או שמא אחרים לא יקבלו אותי,6,3,2,2,4,3.5,4,3.5,4,1,1,1.5,1.2,0,0,1,1,0,0,0,1,1,0,1,0,0,0,1,2,4,6,Medium Risk-Attitude,2.4,3.5,3,3,4.333333333,41,3.154,41,43,9,11,16,10,46,28,20,25,73,35,31,4,4,4,3,3.75,3,Medium Social Desirablity,15,15,13,16,18,20,16,18,16,10,18,18,12,4.333333333,4.333333333,3,4,4,2,2.666666667,2.666666667,3,4.666666667,1.666666667,3.666666667,2,4,2.666666667,4.333333333,4,3.333333333,4,5,יהודי,2,רווק/רווקה,תיכונית (12 שנות לימוד),קבוע,459a5898-acb9-4735-b5a6-3b532d4b63a3,confidential,50:18.7,1.62E+12,QP1A.190711.020.G9650ZHS8FUB6,samsung
18,31/03/2021 16:27,confidential,30,Female,47,54,33,37,0.84,0.96,0.59,0.66,Secure_attachment,סגנון א': קל עבורי להתקרב רגשית לאחרים. אני מרגיש/מרגישה בנוח לסמוך עליהם ומרגיש/מרגישה בנוח כאשר סומכים עלי. אינני חושש/חוששת מלהיות לבד או שמא אחרים לא יקבלו אותי,6,2,3,2,4,3.5,3,1.5,4,2.3,2.3,2.5,2.3,0,1,1,1,1,1,1,0,1,0,1,0,0,0,0,6,2,8,Medium Risk-Attitude,2.8,3.5,2,2.5,4.666666667,42,3.231,43,48,7,5,14,14,40,51,34,49,134,37,28,7,4.5,6.75,6.25,6.125,6,Medium Social Desirablity,22,17,11,18,16,9,17,16,15,21,14,16,15,4.333333333,5.666666667,4.333333333,5.333333333,5.333333333,1.666666667,3,5.666666667,5,6,6,5.666666667,6,5,5.333333333,5.666666667,5,5.333333333,6,4,יהודי,3,נשוי/נשואה,תאר ראשון ומעלה (15 שנות לימוד ומעלה),קבוע,b9bcc74f-70eb-4c7d-a70b-73fbf770da0e,confidential,28:25.2,1.62E+12,R16NW.G935FXXS8ETCA,samsung
19,31/03/2021 18:03,confidential,23,Female,39,38,32,39,0.7,0.68,0.57,0.7,Fearful-avoidant_attachment,"סגנון ג': אני רוצה להתמסר באופן רגשי ואינטימי לאחרים, אך לעיתים קרובות אני מוצא/מוצאת שאחרים אינם מעוניינים להתקרב אלי באופן שבו אני מעוניין/מעוניינת להתקרב אליהם. אינני מרגיש/ה בנוח כאשר אין לי מערכת יחסים קרובה, אך לעיתים חושש/ת שאחרים לא יעריכו אותי באותה מידה בה אני מעריך/מעריכה אותם.",2,5,6,2,2.5,3,5,3,4,2,1.8,2.8,2.2,1,0,1,1,1,1,1,0,0,0,1,0,0,1,0,6,2,8,Medium Risk-Attitude,3.2,4,2,4,3.666666667,45,3.462,41,43,9,13,24,14,60,52,40,42,134,42,37,5.25,4.5,4.75,4,4.625,6,Medium Social Desirablity,18,17,17,13,12,19,16,17,17,17,16,15,14,4.333333333,5,4.333333333,4.333333333,4.333333333,2,2.666666667,4,4.333333333,5.333333333,4,5.333333333,4.333333333,4.333333333,4.333333333,6,5,5.333333333,5.333333333,3,יהודי,3,נשוי/נשואה,תיכונית (12 שנות לימוד),קבוע,389d5705-3017-4b24-945c-56a48a2878b2,confidential,05:26.1,1.62E+12,QP1A.190711.020.A715FXXU3ATJ2,samsung
20,31/03/2021 23:00,confidential,30,Female,27,51,32,48,0.48,0.91,0.57,0.86,Fearful-avoidant_attachment,"סגנון ג': אני רוצה להתמסר באופן רגשי ואינטימי לאחרים, אך לעיתים קרובות אני מוצא/מוצאת שאחרים אינם מעוניינים להתקרב אלי באופן שבו אני מעוניין/מעוניינת להתקרב אליהם. אינני מרגיש/ה בנוח כאשר אין לי מערכת יחסים קרובה, אך לעיתים חושש/ת שאחרים לא יעריכו אותי באותה מידה בה אני מעריך/מעריכה אותם.",1,6,7,1,1.5,4,4,5,4.5,2,3,1,2,0,0,0,1,0,0,0,0,1,0,1,0,0,1,0,1,3,4,Low Risk-Attitude,1.4,1,1,1,1.666666667,17,1.308,32,34,15,15,26,8,64,12,11,23,46,40,32,6,7,2.5,1.25,4.1875,5,Medium Social Desirablity,10,13,10,12,12,15,11,12,15,7,18,20,9,5.333333333,5.333333333,5,5.333333333,5.666666667,5,3.666666667,6,6,6,5.666666667,4.666666667,6,4.666666667,4,4.333333333,4.333333333,6,5.333333333,1,יהודי,3,רווק/רווקה,תיכונית (12 שנות לימוד),זמני,396fc6c7-66b3-48e0-939b-157f1d2da6bb,confidential,23:59.5,1.62E+12,QP1A.190711.020,Xiaomi
21,31/03/2021 23:24,confidential,23,Female,50,48,44,53,0.89,0.86,0.79,0.95,Fearful-avoidant_attachment,"סגנון ג': אני רוצה להתמסר באופן רגשי ואינטימי לאחרים, אך לעיתים קרובות אני מוצא/מוצאת שאחרים אינם מעוניינים להתקרב אלי באופן שבו אני מעוניין/מעוניינת להתקרב אליהם. אינני מרגיש/ה בנוח כאשר אין לי מערכת יחסים קרובה, אך לעיתים חושש/ת שאחרים לא יעריכו אותי באותה מידה בה אני מעריך/מעריכה אותם.",2,4,7,1,3,4,3.5,3,5,2,1.5,3,2.2,1,1,1,1,0,1,1,0,1,0,0,0,0,0,0,6,1,7,Medium Risk-Attitude,1.6,2,1,4,2.333333333,28,2.154,34,41,13,11,19,13,56,48,25,35,108,42,28,3.75,6.75,5.75,3.5,4.9375,4,Medium Social Desirablity,21,21,15,14,15,21,17,13,20,15,21,16,12,6,5.666666667,5.666666667,6,4.666666667,4.333333333,4,4.666666667,4.666666667,3.666666667,4.333333333,2.333333333,6,5,6,5.333333333,5.333333333,5.666666667,4.666666667,1,דרוזי,2,רווק/רווקה,תאר ראשון ומעלה (15 שנות לימוד ומעלה),זמני,f9882fcd-51b6-4c7f-9fbc-44a055fe15a3,confidential,58:25.0,1.62E+12,QP1A.190711.020.A715FXXU3ATK1,samsung
22,31/03/2021 23:27,confidential,19,Female,38,44,39,36,0.68,0.79,0.7,0.64,Fearful-avoidant_attachment,"סגנון ג': אני רוצה להתמסר באופן רגשי ואינטימי לאחרים, אך לעיתים קרובות אני מוצא/מוצאת שאחרים אינם מעוניינים להתקרב אלי באופן שבו אני מעוניין/מעוניינת להתקרב אליהם. אינני מרגיש/ה בנוח כאשר אין לי מערכת יחסים קרובה, אך לעיתים חושש/ת שאחרים לא יעריכו אותי באותה מידה בה אני מעריך/מעריכה אותם.",5,4,7,2,3.5,2.5,4,3,3,1.3,3,2.8,2.3,1,0,0,1,0,1,1,0,1,0,1,0,0,0,0,4,2,6,Medium Risk-Attitude,2.8,3,2,2.5,3,36,2.769,37,44,7,9,15,6,37,41,29,40,110,36,29,5.75,5,7,5,5.6875,5,Medium Social Desirablity,12,17,14,16,18,13,18,14,19,12,17,16,12,4.333333333,4,4.333333333,5,5.333333333,3.666666667,3,4,4,4,4.333333333,4.333333333,4.333333333,3.666666667,4.333333333,3.333333333,4.333333333,4.666666667,4.333333333,4,יהודי,3,רווק/רווקה,תיכונית (12 שנות לימוד),קבוע,d5a6f56a-665e-45a2-8679-ae28df7c3464,confidential,41:23.1,1.62E+12,PPR1.180610.011.J701FXXU9CTI2,samsung
23,01/04/2021 10:55,confidential,25,Female,38,53,46,42,0.68,0.95,0.82,0.75,Secure_attachment,סגנון א': קל עבורי להתקרב רגשית לאחרים. אני מרגיש/מרגישה בנוח לסמוך עליהם ומרגיש/מרגישה בנוח כאשר סומכים עלי. אינני חושש/חוששת מלהיות לבד או שמא אחרים לא יקבלו אותי,7,3,5,2,4,3.5,5,2,4.5,1.8,2,1.5,1.8,1,1,1,1,1,0,1,0,1,0,1,0,0,0,0,6,2,8,Medium Risk-Attitude,2.6,4,3,2,5,43,3.308,47,47,11,6,17,8,42,37,23,51,111,50,29,7,7,7,3,6,7,High Social Desirability,24,23,13,18,22,14,22,14,24,13,20,14,13,5,6,3,3.333333333,6,3.333333333,2.666666667,3.333333333,3.666666667,5.333333333,4.333333333,2.666666667,3,4.333333333,4,6,6,5.333333333,5,5,יהודי,3,רווק/רווקה,תאר ראשון ומעלה (15 שנות לימוד ומעלה),זמני,399f9351-8cda-413e-94e2-baa009ed2719,confidential,58:16.9,1.62E+12,RQ2A.210305.006,Google
24,01/04/2021 16:13,confidential,25,Female,27,52,34,41,0.48,0.93,0.61,0.73,Anxious-preoccupied_attachment,"סגנון ב': אינני מרגיש בנוח להתקרב לאחרים. אני שואף/שואפת למערכת יחסים רגשית קרובה אך מוצא קושי במתן אמון מוחלט באחרים, או לסמוך עליהם. אני חושש שאפגע אם ארשה לעצמי להתקרב במידה רבה מידי לאחרים.",2,6,3,4,4,2.5,4.5,3.5,2,2.3,2.3,3,2.5,0,0,1,1,0,0,1,0,1,0,1,0,0,0,0,3,2,5,Low Risk-Attitude,1.4,2,1,1,2.333333333,21,1.615,36,41,11,10,22,12,55,19,17,30,66,25,32,5.5,5.25,5.25,3,4.75,3,Medium Social Desirablity,19,12,8,15,15,13,16,12,16,9,17,21,15,4.333333333,4.666666667,2.666666667,5,4.666666667,2.666666667,2.666666667,5.333333333,5,5,3.666666667,4.666666667,4.666666667,3.666666667,4,5,4.666666667,5,5,4,יהודי,3,מגורים משותפים ללא נישואין,תיכונית (12 שנות לימוד),זמני,b85697a2-352d-4df0-93e4-33b9998167b1,confidential,53:04.5,1.62E+12,PPR1.180610.011.G950FXXSBDUA3,samsung
25,01/04/2021 16:29,confidential,30,Male,32,39,38,46,0.57,0.7,0.68,0.82,Secure_attachment,סגנון א': קל עבורי להתקרב רגשית לאחרים. אני מרגיש/מרגישה בנוח לסמוך עליהם ומרגיש/מרגישה בנוח כאשר סומכים עלי. אינני חושש/חוששת מלהיות לבד או שמא אחרים לא יקבלו אותי,5,4,2,3,2.5,3.5,3,3,3,2.5,3.3,1,2.3,0,1,0,1,1,0,1,0,0,0,1,0,0,0,0,4,1,5,Low Risk-Attitude,1.4,1.5,1,1.5,2,20,1.538,26,35,11,4,23,5,43,39,25,27,91,43,34,7,3.75,6.5,3,5.0625,2,Low Social Desirability,9,6,11,7,9,13,15,7,20,13,15,24,5,6,6,3.666666667,4.333333333,6,6,2.333333333,4,5.666666667,6,2.333333333,4.666666667,6,4.666666667,5.333333333,4.666666667,5,3.333333333,6,4,יהודי,1,רווק/רווקה,תיכונית (12 שנות לימוד),זמני,145427c3-4dc0-40f0-80e9-ff921bf14b72,confidential,47:54.6,1.62E+12,PPR1.180610.011.N950FXXSEDTL1,samsung
26,01/04/2021 17:07,confidential,21,Female,33,54,40,28,0.59,0.96,0.71,0.5,Secure_attachment,סגנון א': קל עבורי להתקרב רגשית לאחרים. אני מרגיש/מרגישה בנוח לסמוך עליהם ומרגיש/מרגישה בנוח כאשר סומכים עלי. אינני חושש/חוששת מלהיות לבד או שמא אחרים לא יקבלו אותי,5,4,2,2,3.5,3.5,4.5,2.5,2.5,1.3,1.3,2,1.5,0,1,1,0,0,1,0,0,1,0,0,0,0,0,0,3,1,4,Low Risk-Attitude,4.2,3,2,2,3,42,3.231,37,43,6,3,11,8,28,17,20,31,68,34,27,4.5,4,5.75,5.75,5,7,High Social Desirability,20,20,13,19,21,13,17,14,12,17,12,14,15,4.333333333,5.666666667,3.666666667,4,4.666666667,3.666666667,4,4,4,4.666666667,5,5,3.666666667,3.666666667,4,3.666666667,4,5,5.333333333,4,יהודי,3,רווק/רווקה,תיכונית (12 שנות לימוד),קבוע,12f13c91-3e5c-4477-a781-88bab73726bc,confidential,09:27.2,1.62E+12,PPR1.180610.011.A105FDDU3ASL2,samsung
27,01/04/2021 17:13,confidential,34,Female,39,50,40,43,0.7,0.89,0.71,0.77,Dismissive–avoidant_attachment,סגנון ד': אני מרגיש/מרגישה בנוח ללא מערכת יחסים רגשית קרובה. מאוד חשוב לי להרגיש עצמאי/ת ובלתי תלויה ואני מעדיף/מעדיפה לא להסתמך על אחרים או שאחרים יסתמכו עלי.,5,4,1,7,3.5,2,4.5,3.5,4,1.5,2.3,2,1.9,1,0,1,1,0,0,1,0,0,0,1,0,0,0,0,4,1,5,Low Risk-Attitude,1.8,1,2,2.5,1.666666667,23,1.769,39,45,11,14,22,13,60,25,34,46,105,37,33,4.25,2.5,6,4.25,4.25,4,Medium Social Desirablity,11,13,11,19,18,8,17,14,21,15,18,18,14,5,6,4,6,5.666666667,4.666666667,3,5.666666667,5.333333333,5.666666667,4.333333333,6,5,3.666666667,4.666666667,3.666666667,3.333333333,5.666666667,6,4,יהודי,2,רווק/רווקה,תאר ראשון ומעלה (15 שנות לימוד ומעלה),זמני,4cb7d565-b49a-40fb-b6d6-1d5dc6e354d2,confidential,10:36.5,1.62E+12,ONEPLUS A5010_43_201029,OnePlus
28,01/04/2021 19:00,confidential,21,Female,33,46,33,43,0.59,0.82,0.59,0.77,Secure_attachment,סגנון א': קל עבורי להתקרב רגשית לאחרים. אני מרגיש/מרגישה בנוח לסמוך עליהם ומרגיש/מרגישה בנוח כאשר סומכים עלי. אינני חושש/חוששת מלהיות לבד או שמא אחרים לא יקבלו אותי,7,3,4,2,3.5,2.5,4.5,3,4,1.5,2,1.3,1.6,0,0,1,1,0,0,1,0,1,0,0,1,0,0,0,3,2,5,Low Risk-Attitude,2.6,4.5,2,2,3.333333333,38,2.923,42,49,6,11,20,6,43,33,15,48,96,40,32,6.5,5.5,7,4.75,5.9375,6,Medium Social Desirablity,14,14,7,16,13,15,21,11,20,10,11,18,13,5,5,2.666666667,5.333333333,5.666666667,4,1,3.333333333,6,4.666666667,2.333333333,4,6,3.333333333,3.666666667,3,5,6,5,4,יהודי,2,רווק/רווקה,תאר ראשון ומעלה (15 שנות לימוד ומעלה),זמני,768f5c9d-bb6c-4938-b3d2-260c053ffc7a,confidential,59:04.6,1.62E+12,QP1A.190711.020.A305FDDS6BTL1,samsung
29,01/04/2021 19:35,confidential,26,Female,45,47,42,47,0.8,0.84,0.75,0.84,Secure_attachment,סגנון א': קל עבורי להתקרב רגשית לאחרים. אני מרגיש/מרגישה בנוח לסמוך עליהם ומרגיש/מרגישה בנוח כאשר סומכים עלי. אינני חושש/חוששת מלהיות לבד או שמא אחרים לא יקבלו אותי,6,2,4,1,5,2.5,3.5,2.5,3.5,2.5,4,2.5,3,0,0,1,1,0,1,1,0,1,0,0,0,1,0,0,4,2,6,Medium Risk-Attitude,2.6,3.5,2,3,3.666666667,39,3,40,39,13,11,23,14,61,43,44,53,140,36,31,6,6,6.5,5.5,6,3,Medium Social Desirablity,18,16,14,24,20,16,17,13,19,15,20,15,11,5,5,5.333333333,6,5.666666667,5.666666667,5.666666667,6,5.666666667,5.666666667,4,4,3.666666667,3.333333333,5.666666667,4,3.666666667,6,5.333333333,3,יהודי,2,רווק/רווקה,תיכונית (12 שנות לימוד),זמני,e6d8dd99-8222-457f-812e-81813f743776,confidential,58:24.3,1.62E+12,R16NW.G950FXXU3CRGH,samsung
30,01/04/2021 22:32,confidential,27,Female,35,45,36,40,0.63,0.8,0.64,0.71,Secure_attachment,סגנון א': קל עבורי להתקרב רגשית לאחרים. אני מרגיש/מרגישה בנוח לסמוך עליהם ומרגיש/מרגישה בנוח כאשר סומכים עלי. אינני חושש/חוששת מלהיות לבד או שמא אחרים לא יקבלו אותי,5,4,3,3,3.5,4,3.5,3,3,2.3,2.3,2.3,2.3,0,0,1,1,0,0,0,0,1,0,0,1,0,0,0,2,2,4,Low Risk-Attitude,2,3,2,2,2,28,2.154,38,35,7,6,18,7,38,34,26,33,93,34,28,5.25,3.25,4.75,3,4.0625,5,Medium Social Desirablity,10,12,11,14,18,13,13,14,15,12,17,18,10,4.666666667,4.666666667,3.666666667,4.333333333,4,3,2.333333333,4.666666667,5,5,5,4,4,4,4,5,4.333333333,4.333333333,4.666666667,4,יהודי,4,נשוי/נשואה,תאר ראשון ומעלה (15 שנות לימוד ומעלה),זמני,04833a47-4da4-493c-af58-403d88c27e63,confidential,40:17.7,1.62E+12,R16NW.G930FXXU8ETI2,samsung
31,02/04/2021 12:54,confidential,30,Female,40,36,45,51,0.71,0.64,0.8,0.91,Fearful-avoidant_attachment,"סגנון ג': אני רוצה להתמסר באופן רגשי ואינטימי לאחרים, אך לעיתים קרובות אני מוצא/מוצאת שאחרים אינם מעוניינים להתקרב אלי באופן שבו אני מעוניין/מעוניינת להתקרב אליהם. אינני מרגיש/ה בנוח כאשר אין לי מערכת יחסים קרובה, אך לעיתים חושש/ת שאחרים לא יעריכו אותי באותה מידה בה אני מעריך/מעריכה אותם.",4,1,6,6,4.5,4.5,3,3.5,4.5,1.5,2,1.8,1.8,0,1,0,1,0,0,1,1,1,1,0,1,1,0,1,3,6,9,Medium Risk-Attitude,2.4,4,5,2.5,4,42,3.231,42,40,9,10,18,8,45,44,28,39,111,41,27,6.75,7,5.5,3,5.5625,5,Medium Social Desirablity,10,9,13,17,21,16,20,13,17,13,17,16,14,4.666666667,5.666666667,3,4.333333333,5,5,1.666666667,2.666666667,4.333333333,4,1,3.666666667,2,3,5.666666667,6,6,5.666666667,4.666666667,5,חסר דת (אתיאיסט או אגנוסטיקן),1,מגורים משותפים ללא נישואין,תיכונית (12 שנות לימוד),קבוע,f8ca21ce-9050-4b63-9e01-eb10dcd032a6,confidential,06:14.9,1.62E+12,ONEPLUS A6013_41_210303,OnePlus
32,02/04/2021 13:35,confidential,29,Female,34,17,32,27,0.61,0.3,0.57,0.48,Secure_attachment,סגנון א': קל עבורי להתקרב רגשית לאחרים. אני מרגיש/מרגישה בנוח לסמוך עליהם ומרגיש/מרגישה בנוח כאשר סומכים עלי. אינני חושש/חוששת מלהיות לבד או שמא אחרים לא יקבלו אותי,2,5,4,3,2.5,2.5,1,3,1.5,3.3,2.5,3.5,3.1,0,1,1,1,0,1,1,1,1,0,1,0,0,1,0,5,4,9,Medium Risk-Attitude,2.6,1.5,2,3.5,4.333333333,38,2.923,46,46,9,8,20,8,45,46,46,53,145,22,22,6,5.5,7,6,6.125,4,Medium Social Desirablity,17,20,8,19,16,10,17,15,10,10,11,13,13,5.666666667,6,3,5.333333333,5.666666667,4.333333333,4,5.666666667,5.666666667,5,5.333333333,5.333333333,5,5,3.333333333,5.333333333,5.666666667,5.666666667,5.333333333,4,יהודי,3,רווק/רווקה,תאר ראשון ומעלה (15 שנות לימוד ומעלה),קבוע,5671f281-3abb-49e5-9537-9d0ca7ffeba3,confidential,25:01.8,1.62E+12,RP1A.200720.012.G973FXXU9FUBD,samsung
33,02/04/2021 14:02,confidential,26,Female,45,35,39,37,0.8,0.63,0.7,0.66,Secure_attachment,סגנון א': קל עבורי להתקרב רגשית לאחרים. אני מרגיש/מרגישה בנוח לסמוך עליהם ומרגיש/מרגישה בנוח כאשר סומכים עלי. אינני חושש/חוששת מלהיות לבד או שמא אחרים לא יקבלו אותי,6,4,4,2,4,2.5,4,3.5,4,2,2.3,2.5,2.3,0,1,1,1,0,1,1,1,0,0,1,1,1,0,1,5,5,10,Medium Risk-Attitude,3.4,3.5,4,4,4,48,3.692,42,33,6,8,18,10,42,59,54,52,165,38,29,4.75,5.25,5.5,5.5,5.25,3,Medium Social Desirablity,20,20,15,18,20,16,17,14,11,11,19,15,12,3.666666667,3.666666667,3.666666667,5,5,5,4.666666667,4.666666667,3.666666667,3.666666667,5,3.666666667,2.333333333,4,2,4.666666667,2.666666667,4,3.333333333,3,יהודי,3,רווק/רווקה,תאר ראשון ומעלה (15 שנות לימוד ומעלה),קבוע,5ae91c11-7e85-45ab-9cd8-cfee4fe19109,confidential,37:23.1,1.62E+12,QP1A.190711.020.A205GNDXU9BUC4,samsung
34,02/04/2021 14:10,confidential,22,Female,31,44,34,36,0.55,0.79,0.61,0.64,Anxious-preoccupied_attachment,"סגנון ב': אינני מרגיש בנוח להתקרב לאחרים. אני שואף/שואפת למערכת יחסים רגשית קרובה אך מוצא קושי במתן אמון מוחלט באחרים, או לסמוך עליהם. אני חושש שאפגע אם ארשה לעצמי להתקרב במידה רבה מידי לאחרים.",1,6,4,5,2.5,3.5,3.5,2,2,1.3,3.5,3.3,2.7,0,0,1,0,1,0,1,0,1,0,0,0,0,0,0,3,1,4,Low Risk-Attitude,2.4,2,1,1.5,3.333333333,30,2.308,25,35,12,11,25,13,61,22,32,34,88,21,32,6.5,2.5,3.25,6.25,4.625,5,Medium Social Desirablity,9,13,11,14,16,17,18,15,12,16,9,19,10,4.666666667,5.666666667,3,5.666666667,4.666666667,2.666666667,4,4.333333333,4.333333333,4.333333333,3.666666667,5.333333333,4.666666667,4.666666667,5,5,6,4,4.666666667,4,יהודי,2,רווק/רווקה,תיכונית (12 שנות לימוד),קבוע,c4b50af8-dcfa-4eee-8bb6-ece05010105b,confidential,15:59.8,1.62E+12,R16NW.G930FXXU8ETI2,samsung
35,02/04/2021 14:16,confidential,25,Female,35,45,28,35,0.63,0.8,0.5,0.63,Secure_attachment,סגנון א': קל עבורי להתקרב רגשית לאחרים. אני מרגיש/מרגישה בנוח לסמוך עליהם ומרגיש/מרגישה בנוח כאשר סומכים עלי. אינני חושש/חוששת מלהיות לבד או שמא אחרים לא יקבלו אותי,6,3,3,1,4,4,4.5,3,2.5,1.3,2.5,2.3,2,0,0,0,1,1,1,0,0,1,0,1,0,1,1,0,3,4,7,Medium Risk-Attitude,2,2,2,2,4,32,2.462,39,44,3,4,11,4,22,18,17,37,72,32,27,5,3.75,5,2,3.9375,5,Medium Social Desirablity,17,13,8,23,21,17,18,12,17,15,12,14,15,4,4.333333333,3,5,4.666666667,3.666666667,3.333333333,4.666666667,4.666666667,5,3,3.666666667,4,2.666666667,2.666666667,4.333333333,4.666666667,5.666666667,4.666666667,4,יהודי,2,מגורים משותפים ללא נישואין,תאר ראשון ומעלה (15 שנות לימוד ומעלה),קבוע,38a30b17-0fdf-47a9-8430-756f15601b43,confidential,44:16.8,1.62E+12,QP1A.190711.020.A715FXXU3ATK1,samsung
36,02/04/2021 15:00,confidential,29,Male,25,50,38,43,0.45,0.89,0.68,0.77,Fearful-avoidant_attachment,"סגנון ג': אני רוצה להתמסר באופן רגשי ואינטימי לאחרים, אך לעיתים קרובות אני מוצא/מוצאת שאחרים אינם מעוניינים להתקרב אלי באופן שבו אני מעוניין/מעוניינת להתקרב אליהם. אינני מרגיש/ה בנוח כאשר אין לי מערכת יחסים קרובה, אך לעיתים חושש/ת שאחרים לא יעריכו אותי באותה מידה בה אני מעריך/מעריכה אותם.",5,3,6,4,2.5,2,3,4,4,2.5,2.3,2.3,2.3,0,0,1,0,1,0,1,0,1,0,0,0,0,0,0,3,1,4,Low Risk-Attitude,2.2,3.5,1,2,4,35,2.692,37,32,12,5,19,4,40,45,37,27,109,40,30,4,6,4.25,2.25,4.125,2,Low Social Desirability,21,18,16,12,10,18,16,12,19,12,16,19,11,5,4,3.333333333,5,4.666666667,4,4.333333333,5,3.666666667,5,3,4,4,3.333333333,5,3.666666667,5,5.666666667,5,4,נוצרי,2,רווק/רווקה,תאר ראשון ומעלה (15 שנות לימוד ומעלה),קבוע,f3816910-3ab3-400e-9804-48a6a8791204,confidential,01:51.0,1.62E+12,RP1A.200720.012.G973FXXU9FUBD,samsung
37,02/04/2021 16:27,confidential,21,Female,28,53,41,41,0.5,0.95,0.73,0.73,Dismissive–avoidant_attachment,סגנון ד': אני מרגיש/מרגישה בנוח ללא מערכת יחסים רגשית קרובה. מאוד חשוב לי להרגיש עצמאי/ת ובלתי תלויה ואני מעדיף/מעדיפה לא להסתמך על אחרים או שאחרים יסתמכו עלי.,3,3,2,6,3,3.5,5,2.5,4.5,1.5,1.8,3,2.1,0,0,1,1,0,1,0,0,1,0,1,0,0,0,0,3,2,5,Low Risk-Attitude,3.4,2.5,3,1,3,36,2.769,41,49,11,9,21,12,53,44,22,55,121,39,30,6.5,3.5,7,5.75,5.6875,7,High Social Desirability,15,15,10,10,19,12,20,12,16,15,18,18,9,5,5.666666667,1.333333333,3.666666667,4.666666667,3,1.333333333,3,5.666666667,6,6,5.333333333,3.333333333,4.333333333,4.333333333,3.666666667,3,6,6,4,יהודי,2,רווק/רווקה,תאר ראשון ומעלה (15 שנות לימוד ומעלה),זמני,f39def2c-f526-4d19-8562-821fd0394be4,confidential,39:18.5,1.62E+12,M1AJQ.J710FXXU5CRK3,samsung
38,02/04/2021 17:52,confidential,21,Female,38,41,36,53,0.68,0.73,0.64,0.95,Dismissive–avoidant_attachment,סגנון ד': אני מרגיש/מרגישה בנוח ללא מערכת יחסים רגשית קרובה. מאוד חשוב לי להרגיש עצמאי/ת ובלתי תלויה ואני מעדיף/מעדיפה לא להסתמך על אחרים או שאחרים יסתמכו עלי.,6,4,2,6,3,2,3,4,4.5,1.3,3.3,1.3,1.9,0,0,1,1,0,0,1,0,1,0,1,0,0,1,0,3,3,6,Medium Risk-Attitude,1.8,2,2,2.5,2,26,2,46,27,10,15,21,10,56,52,33,31,116,37,33,6.5,5.25,6.5,2.75,5.25,3,Medium Social Desirablity,14,13,11,16,16,14,18,13,19,13,17,21,13,3.333333333,3.666666667,2.666666667,3.666666667,4,2.333333333,2,3,3,3,1.333333333,3,3.333333333,2,3,4,3.333333333,3.666666667,3.666666667,5,יהודי,1,רווק/רווקה,תיכונית (12 שנות לימוד),זמני,186ac443-305a-4beb-b7ee-7558d7be13d7,confidential,55:40.9,1.62E+12,QKQ1.191222.002,LGE
39,02/04/2021 18:04,confidential,22,Female,34,54,28,46,0.61,0.96,0.5,0.82,Secure_attachment,סגנון א': קל עבורי להתקרב רגשית לאחרים. אני מרגיש/מרגישה בנוח לסמוך עליהם ומרגיש/מרגישה בנוח כאשר סומכים עלי. אינני חושש/חוששת מלהיות לבד או שמא אחרים לא יקבלו אותי,5,3,1,1,4,3.5,3.5,3,4,2.8,3.5,2.3,2.8,0,0,0,0,0,0,0,0,0,0,0,0,0,1,0,0,1,1,Low Risk-Attitude,1.8,2,2,1,2.666666667,25,1.923,42,47,5,5,15,5,30,44,15,44,103,29,27,5,5.25,5.5,2.75,4.625,5,Medium Social Desirablity,10,16,13,22,19,12,16,11,9,15,15,20,11,4.666666667,4,3.333333333,4,4.666666667,2.333333333,3.333333333,5,4.333333333,3,4.666666667,4.333333333,5.666666667,3,1.333333333,3,3.333333333,5.666666667,4.666666667,2,יהודי,3,רווק/רווקה,תיכונית (12 שנות לימוד),קבוע,e29b1733-4dcc-42de-a219-91d59ed91680,confidential,15:25.6,1.62E+12,QKQ1.200114.002 test-keys,Xiaomi
40,02/04/2021 20:22,confidential,24,Female,33,49,38,48,0.59,0.88,0.68,0.86,Secure_attachment,סגנון א': קל עבורי להתקרב רגשית לאחרים. אני מרגיש/מרגישה בנוח לסמוך עליהם ומרגיש/מרגישה בנוח כאשר סומכים עלי. אינני חושש/חוששת מלהיות לבד או שמא אחרים לא יקבלו אותי,6,1,1,4,3,2,3,4,4.5,1.5,3.3,1.8,2.2,0,1,1,1,0,1,1,1,1,1,0,0,0,0,0,5,3,8,Medium Risk-Attitude,3,2.5,2,2.5,3.666666667,38,2.923,41,39,10,9,15,11,45,48,37,42,127,41,31,4.75,5.75,6.25,4.25,5.25,4,Medium Social Desirablity,18,16,9,18,20,10,15,18,16,13,17,19,10,4.333333333,4,3.333333333,4.666666667,5,5,4.333333333,5.333333333,5,6,5,5.333333333,3.333333333,4,4,4,4,6,5,4,יהודי,2,רווק/רווקה,תיכונית (12 שנות לימוד),זמני,32ba08c7-668e-44a3-8e9f-6e5f5839282e,confidential,25:38.9,1.62E+12,PKQ1.180904.001,Xiaomi
41,03/04/2021 12:32,confidential,24,Female,32,48,35,38,0.57,0.86,0.63,0.68,Secure_attachment,סגנון א': קל עבורי להתקרב רגשית לאחרים. אני מרגיש/מרגישה בנוח לסמוך עליהם ומרגיש/מרגישה בנוח כאשר סומכים עלי. אינני חושש/חוששת מלהיות לבד או שמא אחרים לא יקבלו אותי,5,2,3,4,2.5,3.5,4.5,2.5,4,1,1.5,1.8,1.4,0,0,1,1,0,0,1,1,0,0,1,0,0,0,0,3,2,5,Low Risk-Attitude,3.2,3.5,2,2,4,41,3.154,31,49,8,9,15,9,41,15,20,41,76,32,23,4.5,4.5,5.75,4.25,4.75,6,Medium Social Desirablity,15,11,9,8,8,14,21,13,19,12,9,14,17,5,5.666666667,2,3.666666667,5.666666667,1.666666667,1,2.666666667,2.666666667,4.333333333,2.666666667,2.333333333,3,4.666666667,4,4,4.333333333,3,3.666666667,3,יהודי,2,מגורים משותפים ללא נישואין,תיכונית (12 שנות לימוד),זמני,aef06b68-bfb4-418f-a591-c4e8a80bad02,confidential,33:45.3,1.62E+12,IN2013_15_210201,OnePlus
42,03/04/2021 20:00,confidential,40,Female,31,55,40,32,0.55,0.98,0.71,0.57,Secure_attachment,סגנון א': קל עבורי להתקרב רגשית לאחרים. אני מרגיש/מרגישה בנוח לסמוך עליהם ומרגיש/מרגישה בנוח כאשר סומכים עלי. אינני חושש/חוששת מלהיות לבד או שמא אחרים לא יקבלו אותי,6,2,1,6,4.5,3.5,4.5,5,4,1,3.3,3.3,2.5,0,0,0,1,0,0,0,0,0,0,1,0,0,1,0,1,2,3,Low Risk-Attitude,2,2,1,1.5,2.666666667,26,2,39,45,5,7,11,7,30,19,15,38,72,35,38,6,5.75,6.25,4.25,5.5625,4,Medium Social Desirablity,16,10,9,21,22,18,19,10,21,11,7,16,14,3.666666667,6,2.666666667,4.333333333,5.333333333,5,4.666666667,5,4,6,6,6,3,3,3,3.333333333,3.666666667,6,6,5,יהודי,2,נשוי/נשואה,תאר ראשון ומעלה (15 שנות לימוד ומעלה),קבוע,78d6802f-b609-455e-ab6d-170ebc4bbe9c,confidential,34:06.9,1.62E+12,WP6,OUKITEL
43,04/04/2021 13:37,confidential,27,Female,34,40,39,36,0.61,0.71,0.7,0.64,Secure_attachment,סגנון א': קל עבורי להתקרב רגשית לאחרים. אני מרגיש/מרגישה בנוח לסמוך עליהם ומרגיש/מרגישה בנוח כאשר סומכים עלי. אינני חושש/חוששת מלהיות לבד או שמא אחרים לא יקבלו אותי,5,4,2,1,4.5,4.5,4.5,3,3.5,1.3,2.5,2.5,2.1,0,0,1,1,0,1,0,1,1,0,1,0,0,1,0,3,4,7,Medium Risk-Attitude,3.4,4,2,2.5,4,44,3.385,45,42,12,7,15,7,41,49,33,43,125,43,29,5.75,5.75,5,3.75,5.0625,6,Medium Social Desirablity,18,17,10,21,18,18,20,16,19,14,15,15,15,5.333333333,5.333333333,2,4.333333333,4.666666667,1.666666667,2.333333333,4.333333333,4,4.666666667,3.333333333,3.666666667,2,4.333333333,5,6,6,6,4.666666667,5,יהודי,2,מגורים משותפים ללא נישואין,תיכונית (12 שנות לימוד),זמני,180d0e3a-6e20-4396-a148-8c0ed445c95f,confidential,47:33.9,1.62E+12,QP1A.190711.020,Xiaomi
44,04/04/2021 18:09,confidential,20,Male,33,41,35,41,0.59,0.73,0.63,0.73,Fearful-avoidant_attachment,"סגנון ג': אני רוצה להתמסר באופן רגשי ואינטימי לאחרים, אך לעיתים קרובות אני מוצא/מוצאת שאחרים אינם מעוניינים להתקרב אלי באופן שבו אני מעוניין/מעוניינת להתקרב אליהם. אינני מרגיש/ה בנוח כאשר אין לי מערכת יחסים קרובה, אך לעיתים חושש/ת שאחרים לא יעריכו אותי באותה מידה בה אני מעריך/מעריכה אותם.",3,5,7,2,3,2.5,2,4.5,4.5,2.3,3.3,2,2.5,0,0,1,1,0,0,1,1,1,0,1,0,0,0,0,3,3,6,Medium Risk-Attitude,2.4,2.5,2,2,3,32,2.462,36,35,7,3,15,7,32,40,27,35,102,33,34,6,3,5.75,2,4.1875,1,Low Social Desirability,17,14,10,15,18,15,15,13,16,12,14,18,10,3.666666667,3.666666667,2.333333333,4,4.333333333,3,2,4.666666667,5,5.333333333,5,5,3.333333333,3.666666667,4,4,3.333333333,4.333333333,4.333333333,4,יהודי,4,רווק/רווקה,תיכונית (12 שנות לימוד),זמני,974dda86-2d2d-4b38-bc59-29056d4da85a,confidential,12:47.7,1.62E+12,R16NW.A520FXXUBCSI2,samsung
45,04/04/2021 18:38,confidential,33,Female,25,45,21,47,0.45,0.8,0.38,0.84,Secure_attachment,סגנון א': קל עבורי להתקרב רגשית לאחרים. אני מרגיש/מרגישה בנוח לסמוך עליהם ומרגיש/מרגישה בנוח כאשר סומכים עלי. אינני חושש/חוששת מלהיות לבד או שמא אחרים לא יקבלו אותי,6,2,2,2,4,2.5,3,4,1.5,2.5,2,1.5,2,0,1,1,1,0,1,1,0,1,0,1,0,0,0,0,5,2,7,Medium Risk-Attitude,2.4,2.5,1,2.5,2.333333333,30,2.308,37,33,8,7,16,8,39,19,22,31,72,31,31,6.5,6.75,4,3.5,5.1875,4,Medium Social Desirablity,11,6,8,18,15,18,13,13,15,15,13,17,10,3.666666667,5,2,4.333333333,4.333333333,2,1.333333333,4,5,5,3.333333333,4.666666667,3.666666667,3.666666667,2.333333333,5,4.333333333,3.666666667,4.333333333,1,יהודי,3,רווק/רווקה,תאר ראשון ומעלה (15 שנות לימוד ומעלה),זמני,b11b5080-33d9-43bf-824c-af1643a9765f,confidential,22:04.7,1.62E+12,R16NW.A720FXXU9CSK3,samsung
46,06/04/2021 12:44,confidential,22,Female,42,48,48,43,0.75,0.86,0.86,0.77,Dismissive–avoidant_attachment,סגנון ד': אני מרגיש/מרגישה בנוח ללא מערכת יחסים רגשית קרובה. מאוד חשוב לי להרגיש עצמאי/ת ובלתי תלויה ואני מעדיף/מעדיפה לא להסתמך על אחרים או שאחרים יסתמכו עלי.,2,4,1,4,3.5,4,3,2,4.5,1,2,2.8,1.9,0,1,1,1,1,1,0,1,1,0,1,0,1,0,1,5,5,10,Medium Risk-Attitude,2.4,3.5,3,2.5,4.333333333,40,3.077,39,31,4,3,17,4,28,37,43,47,127,36,36,3.25,5.75,4,5.5,4.625,5,Medium Social Desirablity,12,15,13,20,19,16,21,18,21,15,18,18,12,5,5.333333333,3,5.333333333,5,3,3,5.666666667,4.333333333,5.666666667,3.666666667,3.333333333,4.666666667,5,5.333333333,5.333333333,5.333333333,5.333333333,4.666666667,5,יהודי,2,רווק/רווקה,תיכונית (12 שנות לימוד),זמני,0bebba8c-9207-458f-a93d-5b6f4ec9357b,confidential,29:51.7,1.62E+12,RP1A.200720.012.N770FXXS7DUB1,samsung
47,06/04/2021 16:19,confidential,25,Female,30,42,32,33,0.54,0.75,0.57,0.59,Dismissive–avoidant_attachment,סגנון ד': אני מרגיש/מרגישה בנוח ללא מערכת יחסים רגשית קרובה. מאוד חשוב לי להרגיש עצמאי/ת ובלתי תלויה ואני מעדיף/מעדיפה לא להסתמך על אחרים או שאחרים יסתמכו עלי.,3,3,5,6,2,3.5,3,2.5,4,1.8,2,2.8,2.2,0,0,1,0,1,0,0,0,1,0,0,0,0,0,0,2,1,3,Low Risk-Attitude,2,2.5,2,2,3.333333333,31,2.385,35,38,10,11,18,8,47,24,21,23,68,31,24,3.25,3,3.5,3.5,3.3125,7,High Social Desirability,10,8,14,13,15,14,17,13,13,15,13,15,13,3.666666667,4.666666667,2.666666667,3.333333333,3.666666667,3,3,3.666666667,4.333333333,4,3.666666667,3.333333333,3.333333333,2.333333333,2.666666667,3,2.666666667,4,4.333333333,3,יהודי,1,רווק/רווקה,תיכונית (12 שנות לימוד),זמני,899d7083-45bd-448f-83bf-2801451a1eaf,confidential,23:55.5,1.62E+12,R16NW.G935UUES4CRG3,samsung
48,07/04/2021 12:06,confidential,27,Female,31,19,27,23,0.55,0.34,0.48,0.41,Secure_attachment,סגנון א': קל עבורי להתקרב רגשית לאחרים. אני מרגיש/מרגישה בנוח לסמוך עליהם ומרגיש/מרגישה בנוח כאשר סומכים עלי. אינני חושש/חוששת מלהיות לבד או שמא אחרים לא יקבלו אותי,6,5,1,1,4,3,5,3,4,1,2.3,2.8,2,0,1,1,1,1,0,1,0,1,0,1,0,1,0,0,5,3,8,Medium Risk-Attitude,2.4,3.5,1,1.5,4.666666667,37,2.846,43,47,10,7,15,12,44,35,24,47,106,44,32,6.25,6,6,5,5.8125,5,Medium Social Desirablity,20,15,7,22,22,18,23,14,21,11,12,18,16,6,5.333333333,3.333333333,5,5.666666667,3,2,4.333333333,6,4.666666667,3,4.333333333,3.333333333,3.666666667,3.333333333,5.666666667,5.333333333,5.666666667,5.333333333,4,יהודי,2,רווק/רווקה,תאר ראשון ומעלה (15 שנות לימוד ומעלה),קבוע,216f9f63-1699-4b3e-85fa-0013505dc5fd,confidential,36:04.4,1.62E+12,PPR1.180610.011.G950FXXSBDUA3,samsung
49,08/04/2021 9:56,confidential,31,Female,43,41,46,34,0.77,0.73,0.82,0.61,Secure_attachment,סגנון א': קל עבורי להתקרב רגשית לאחרים. אני מרגיש/מרגישה בנוח לסמוך עליהם ומרגיש/מרגישה בנוח כאשר סומכים עלי. אינני חושש/חוששת מלהיות לבד או שמא אחרים לא יקבלו אותי,4,1,2,2,4,4,4.5,2.5,5,1,1.8,2,1.6,1,1,1,1,1,1,1,0,0,0,0,1,0,0,0,7,1,8,Medium Risk-Attitude,3.2,3,2,2.5,3.333333333,39,3,44,44,8,10,19,11,48,58,55,52,165,43,34,6.25,5.75,6,6.25,6.0625,7,High Social Desirability,20,16,15,15,16,18,17,17,18,17,14,15,15,5.333333333,4.666666667,4.666666667,5.333333333,4.333333333,4.333333333,4,4.666666667,5,5,4.666666667,5.333333333,4.666666667,3.666666667,5.333333333,4.666666667,5,5,5.333333333,5,יהודי,1,נשוי/נשואה,תאר ראשון ומעלה (15 שנות לימוד ומעלה),קבוע,184d1dea-bec0-4c36-97f1-5a5df961afaf,confidential,27:50.1,1.62E+12,QP1A.190711.020.A715FXXU3ATK1,samsung
50,08/04/2021 12:12,confidential,28,Female,37,42,30,35,0.66,0.75,0.54,0.63,Secure_attachment,סגנון א': קל עבורי להתקרב רגשית לאחרים. אני מרגיש/מרגישה בנוח לסמוך עליהם ומרגיש/מרגישה בנוח כאשר סומכים עלי. אינני חושש/חוששת מלהיות לבד או שמא אחרים לא יקבלו אותי,7,1,1,4,4,4,3,3.5,3.5,1.5,2.5,1.5,1.8,1,1,0,1,1,0,1,1,1,0,1,0,1,0,0,5,4,9,Medium Risk-Attitude,2.8,3.5,3,3,4,42,3.231,39,39,5,3,12,6,26,43,39,38,120,40,31,6,5.5,5.75,5,5.5625,6,Medium Social Desirablity,18,13,10,23,18,16,15,18,21,14,11,15,14,5,5,3.666666667,5.333333333,5.666666667,3,3,4.333333333,4.666666667,6,3.333333333,5.333333333,4,3.666666667,4.666666667,5.666666667,5.666666667,6,5.666666667,3,יהודי,3,מגורים משותפים ללא נישואין,תאר ראשון ומעלה (15 שנות לימוד ומעלה),קבוע,0bbb2d1c-08f9-40ca-a516-af846e26b3e0,confidential,25:03.6,1.62E+12,PKQ1.180904.001,Xiaomi
51,08/04/2021 16:25,confidential,20,Male,35,34,34,36,0.63,0.61,0.61,0.64,Dismissive–avoidant_attachment,סגנון ד': אני מרגיש/מרגישה בנוח ללא מערכת יחסים רגשית קרובה. מאוד חשוב לי להרגיש עצמאי/ת ובלתי תלויה ואני מעדיף/מעדיפה לא להסתמך על אחרים או שאחרים יסתמכו עלי.,2,5,1,6,3.5,3.5,3.5,1,2.5,2.8,3,2.8,2.8,0,1,0,1,1,0,1,0,1,0,1,0,1,1,0,4,4,8,Medium Risk-Attitude,2.8,2.5,4,2.5,3.333333333,38,2.923,40,29,10,9,19,9,47,43,47,45,135,35,29,3.75,4,3.5,3.5,3.6875,7,High Social Desirability,12,13,14,12,15,14,12,15,12,15,16,12,12,3,3.333333333,3.666666667,4.666666667,2.333333333,3.333333333,2.333333333,4.666666667,2.666666667,3.666666667,2.666666667,3.333333333,4,3.333333333,2.666666667,3.333333333,3.333333333,4,3.333333333,1,יהודי,3,רווק/רווקה,תיכונית (12 שנות לימוד),קבוע,5df8dbad-b63f-4e1c-8d6b-61d7d97d60ca,confidential,55:54.8,1.62E+12,QP1A.190711.020,Xiaomi
52,08/04/2021 22:15,confidential,25,Male,45,43,42,32,0.8,0.77,0.75,0.57,Secure_attachment,סגנון א': קל עבורי להתקרב רגשית לאחרים. אני מרגיש/מרגישה בנוח לסמוך עליהם ומרגיש/מרגישה בנוח כאשר סומכים עלי. אינני חושש/חוששת מלהיות לבד או שמא אחרים לא יקבלו אותי,6,2,3,4,4,3,4,2.5,2.5,3.5,2.5,3.5,3.2,0,1,1,1,0,1,1,0,1,0,0,0,1,0,1,5,3,8,Medium Risk-Attitude,2.8,3.5,3,3,3.666666667,41,3.154,46,38,10,6,11,8,35,43,44,51,138,35,29,5.5,3.5,7,4.5,5.125,4,Medium Social Desirablity,19,17,18,15,14,11,16,18,13,12,18,17,11,5,5.333333333,4.333333333,5.333333333,5.666666667,5,2.666666667,4.666666667,5,4.666666667,3.333333333,3.333333333,3.333333333,4,1.666666667,3.666666667,3.333333333,5.666666667,5,3,יהודי,2,רווק/רווקה,תאר ראשון ומעלה (15 שנות לימוד ומעלה),זמני,06583b06-1120-413b-962a-4589164fa2f9,confidential,18:02.5,1.62E+12,QP1A.190711.020.G973FXXU8DTH7,samsung
53,09/04/2021 14:57,confidential,25,Male,39,39,48,48,0.7,0.7,0.86,0.86,Secure_attachment,סגנון א': קל עבורי להתקרב רגשית לאחרים. אני מרגיש/מרגישה בנוח לסמוך עליהם ומרגיש/מרגישה בנוח כאשר סומכים עלי. אינני חושש/חוששת מלהיות לבד או שמא אחרים לא יקבלו אותי,6,3,2,1,3.5,4,2.5,2.5,4,3.5,3.3,1,2.6,1,1,1,1,0,1,1,1,1,0,1,0,0,0,0,6,3,9,Medium Risk-Attitude,3.8,5,3,2.5,4.666666667,51,3.923,46,31,4,4,11,4,23,50,36,42,128,47,29,5.75,6.25,5.25,4.25,5.375,3,Medium Social Desirablity,10,13,16,19,22,19,20,14,21,16,16,15,11,5.333333333,4.666666667,3.333333333,4.333333333,5.333333333,3,2.666666667,3,2.666666667,3.333333333,2,2,2.666666667,3.333333333,3.666666667,4,5.666666667,5.333333333,4.666666667,5,יהודי,2,רווק/רווקה,תיכונית (12 שנות לימוד),זמני,43ac9987-5fb6-4c1f-a700-99b873cfc214,confidential,58:38.7,1.62E+12,RQ2A.210305.006,Google
54,11/04/2021 14:00,confidential,27,Female,32,44,35,50,0.57,0.79,0.63,0.89,Secure_attachment,סגנון א': קל עבורי להתקרב רגשית לאחרים. אני מרגיש/מרגישה בנוח לסמוך עליהם ומרגיש/מרגישה בנוח כאשר סומכים עלי. אינני חושש/חוששת מלהיות לבד או שמא אחרים לא יקבלו אותי,5,2,1,1,5,3,3,3.5,5,1.8,2.5,1,1.8,0,0,1,1,0,0,1,1,1,0,0,0,0,1,0,3,3,6,Medium Risk-Attitude,2.8,3,2,2,2.666666667,34,2.615,40,34,10,11,15,15,51,43,22,33,98,43,30,4.5,4.5,3.5,4,4.125,3,Medium Social Desirablity,7,9,13,15,16,10,15,13,12,11,9,10,12,3.666666667,6,4,5.333333333,5.666666667,6,5.333333333,6,5,5.333333333,2,6,5.333333333,3.666666667,2,4.333333333,5,6,6,5,יהודי,2,מגורים משותפים ללא נישואין,תאר ראשון ומעלה (15 שנות לימוד ומעלה),קבוע,fe081513-1e2d-4f58-bb2c-4dfe5626e537,confidential,56:08.7,1.62E+12,RP1A.200720.012.G975FXXU9FUBD,samsung
55,11/04/2021 15:00,confidential,46,Female,26,50,47,41,0.46,0.89,0.84,0.73,Secure_attachment,סגנון א': קל עבורי להתקרב רגשית לאחרים. אני מרגיש/מרגישה בנוח לסמוך עליהם ומרגיש/מרגישה בנוח כאשר סומכים עלי. אינני חושש/חוששת מלהיות לבד או שמא אחרים לא יקבלו אותי,5,4,2,7,4.5,4,5,1.5,3.5,1,1,1,1,0,0,0,1,1,1,1,1,1,0,1,0,0,1,0,4,4,8,Medium Risk-Attitude,2.8,4,2,1.5,4,39,3,41,48,8,5,11,13,37,48,21,51,120,33,28,7,6,7,7,6.75,6,Medium Social Desirablity,11,11,6,8,12,9,18,11,15,16,10,20,16,6,6,2.666666667,6,4.333333333,1.333333333,1.666666667,5,6,6,1,6,6,6,4.666666667,6,6,6,6,1,יהודי,1,רווק/רווקה,תיכונית (12 שנות לימוד),קבוע,3a14b159-bea9-4f66-bc30-abe0eb52e7bd,confidential,18:59.1,1.62E+12,QKQ1.200114.002 test-keys,Xiaomi
56,11/04/2021 17:38,confidential,26,Female,36,39,37,45,0.64,0.7,0.66,0.8,Anxious-preoccupied_attachment,"סגנון ב': אינני מרגיש בנוח להתקרב לאחרים. אני שואף/שואפת למערכת יחסים רגשית קרובה אך מוצא קושי במתן אמון מוחלט באחרים, או לסמוך עליהם. אני חושש שאפגע אם ארשה לעצמי להתקרב במידה רבה מידי לאחרים.",4,6,3,1,4,3,3.5,4,4.5,1.5,1.8,2.8,2,0,1,1,1,0,0,1,0,0,0,1,0,0,0,0,4,1,5,Low Risk-Attitude,2,2.5,2,2.5,3.333333333,32,2.462,37,44,10,9,15,10,44,41,24,34,99,32,31,4.75,4.75,4.75,3.5,4.4375,2,Low Social Desirability,12,13,13,21,19,17,13,14,16,12,19,19,11,4.333333333,5,4,4.333333333,4,4.333333333,2,3,4.666666667,4.666666667,2.666666667,3.666666667,2.666666667,3.666666667,3.666666667,5,5,5,4.333333333,3,יהודי,1,מגורים משותפים ללא נישואין,תאר ראשון ומעלה (15 שנות לימוד ומעלה),זמני,6f5dd3f4-da12-40f5-8359-3a401d1e6b07,confidential,40:29.1,1.62E+12,QP1A.190711.020.N960FXXS7FUA1,samsung
57,12/04/2021 8:40,confidential,23,Female,25,40,37,30,0.45,0.71,0.66,0.54,Fearful-avoidant_attachment,"סגנון ג': אני רוצה להתמסר באופן רגשי ואינטימי לאחרים, אך לעיתים קרובות אני מוצא/מוצאת שאחרים אינם מעוניינים להתקרב אלי באופן שבו אני מעוניין/מעוניינת להתקרב אליהם. אינני מרגיש/ה בנוח כאשר אין לי מערכת יחסים קרובה, אך לעיתים חושש/ת שאחרים לא יעריכו אותי באותה מידה בה אני מעריך/מעריכה אותם.",4,2,5,4,4,2.5,1.5,4,3,3.5,3.5,4.3,3.8,0,0,1,1,1,1,0,0,0,1,0,0,0,0,0,4,1,5,Low Risk-Attitude,3.6,3.5,3,2,3.333333333,42,3.231,40,30,9,12,13,5,39,30,26,24,80,26,24,4.5,2.5,2,2.75,2.9375,2,Low Social Desirability,9,10,11,13,19,14,14,10,9,11,18,17,13,3.333333333,4.666666667,2.333333333,4.666666667,4.333333333,5.666666667,5.333333333,3.333333333,3.333333333,1,1,3,2.666666667,3,1,1.666666667,1.666666667,2.333333333,3.666666667,4,חסר דת (אתיאיסט או אגנוסטיקן),1,רווק/רווקה,תיכונית (12 שנות לימוד),זמני,d7392ba9-0969-4569-83d8-509973f34bf2,confidential,13:10.7,1.62E+12,KB2003_15_210201,OnePlus
58,12/04/2021 15:49,confidential,30,Female,37,34,30,40,0.66,0.61,0.54,0.71,Secure_attachment,סגנון א': קל עבורי להתקרב רגשית לאחרים. אני מרגיש/מרגישה בנוח לסמוך עליהם ומרגיש/מרגישה בנוח כאשר סומכים עלי. אינני חושש/חוששת מלהיות לבד או שמא אחרים לא יקבלו אותי,1,3,3,5,3.5,4.5,3.5,1.5,4.5,1.5,2.3,2.8,2.2,0,1,1,1,1,0,1,1,1,0,0,0,1,1,0,5,4,9,Medium Risk-Attitude,3.2,3,3,2.5,3.333333333,40,3.077,40,39,8,4,16,7,35,45,34,41,120,37,27,5,5,6,5.75,5.4375,2,Low Social Desirability,17,16,16,18,17,16,15,14,16,13,16,14,10,4.666666667,4.666666667,3.666666667,5,4.666666667,3.666666667,3,5,4,4.666666667,2.333333333,3.333333333,4.666666667,4,5.333333333,5,4.666666667,5,4.333333333,4,יהודי,2,מגורים משותפים ללא נישואין,תאר ראשון ומעלה (15 שנות לימוד ומעלה),זמני,5834390f-4f19-464a-a5b4-bcf8d5f21914,confidential,17:53.4,1.62E+12,PPR1.180610.011.A730FXXU7CTE1,samsung
59,12/04/2021 20:17,confidential,24,Female,36,42,32,43,0.64,0.75,0.57,0.77,Secure_attachment,סגנון א': קל עבורי להתקרב רגשית לאחרים. אני מרגיש/מרגישה בנוח לסמוך עליהם ומרגיש/מרגישה בנוח כאשר סומכים עלי. אינני חושש/חוששת מלהיות לבד או שמא אחרים לא יקבלו אותי,5,2,1,1,4.5,4,3.5,2,4,2,1.8,1.5,1.8,0,1,0,1,0,0,0,1,1,0,1,0,0,0,1,2,4,6,Medium Risk-Attitude,2.8,3.5,3,3,4.666666667,44,3.385,37,39,7,4,13,8,32,46,21,42,109,37,26,6.25,6,5.75,6,6,8,High Social Desirability,12,10,12,23,15,18,19,14,18,17,12,16,13,4,4,3.666666667,4.333333333,4,2,2,4.666666667,4.333333333,5.333333333,1.333333333,3,5.666666667,3.666666667,4.666666667,6,5.666666667,5.666666667,4.333333333,4,יהודי,2,רווק/רווקה,תיכונית (12 שנות לימוד),קבוע,3965dc32-fcf3-4a7f-9f6f-b2ebad331463,confidential,38:08.4,1.62E+12,PKQ1.190616.001,Xiaomi
60,14/04/2021 12:56,confidential,22.5,Female,42,39,45,49,0.75,0.7,0.8,0.88,Anxious-preoccupied_attachment,"סגנון ב': אינני מרגיש בנוח להתקרב לאחרים. אני שואף/שואפת למערכת יחסים רגשית קרובה אך מוצא קושי במתן אמון מוחלט באחרים, או לסמוך עליהם. אני חושש שאפגע אם ארשה לעצמי להתקרב במידה רבה מידי לאחרים.",3,6,6,1,3.5,2,3.5,4.5,4,2.8,3.3,1.8,2.6,0,0,1,1,0,0,1,1,0,0,1,0,0,0,0,3,2,5,Low Risk-Attitude,2.2,4.5,1,4.5,2,36,2.769,36,44,6,9,13,6,34,31,30,21,82,45,38,6.75,5.5,6.5,1.75,5.125,1,Low Social Desirability,9,20,18,20,16,11,14,9,18,11,23,19,11,5.333333333,4.333333333,4.666666667,6,6,2.666666667,2.666666667,5.333333333,4,5.333333333,1,1.666666667,2,4,1,1.666666667,6,5.666666667,4.666666667,4,יהודי,3,רווק/רווקה,תיכונית (12 שנות לימוד),זמני,aded3365-7598-4154-8074-2fff8eae7c5a,confidential,08:20.3,1.62E+12,AL2522-Merlin-V101-Q-0223,Xiaomi
61,14/04/2021 14:34,confidential,34,Male,39,43,40,37,0.7,0.77,0.71,0.66,Fearful-avoidant_attachment,"סגנון ג': אני רוצה להתמסר באופן רגשי ואינטימי לאחרים, אך לעיתים קרובות אני מוצא/מוצאת שאחרים אינם מעוניינים להתקרב אלי באופן שבו אני מעוניין/מעוניינת להתקרב אליהם. אינני מרגיש/ה בנוח כאשר אין לי מערכת יחסים קרובה, אך לעיתים חושש/ת שאחרים לא יעריכו אותי באותה מידה בה אני מעריך/מעריכה אותם.",3,3,6,3,4,1.5,4,2.5,4,3.8,3.3,4.3,3.8,0,1,1,1,1,1,1,0,1,0,0,0,1,0,0,6,2,8,Medium Risk-Attitude,3.2,3,3,3,4,43,3.308,37,34,6,8,17,10,41,41,40,42,123,35,32,5.25,5,5.25,5.5,5.25,4,Medium Social Desirablity,21,20,15,17,16,14,17,18,16,16,15,18,11,5,4.666666667,4.333333333,5,4,4.666666667,3.666666667,5,4.333333333,5.666666667,1.333333333,3,4.333333333,4.333333333,4.333333333,4.666666667,5,4.666666667,4.333333333,3,יהודי,1,רווק/רווקה,תאר ראשון ומעלה (15 שנות לימוד ומעלה),קבוע,475d0148-1ae7-4407-936d-df9b3f3d1b32,confidential,05:58.5,1.62E+12,SW_S98506AE1_V009_M13_XM_C3C_USR,Xiaomi
62,16/04/2021 15:14,confidential,27,Male,50,38,38,43,0.89,0.68,0.68,0.77,Secure_attachment,סגנון א': קל עבורי להתקרב רגשית לאחרים. אני מרגיש/מרגישה בנוח לסמוך עליהם ומרגיש/מרגישה בנוח כאשר סומכים עלי. אינני חושש/חוששת מלהיות לבד או שמא אחרים לא יקבלו אותי,6,2,1,4,5,4.5,4.5,1.5,4.5,1.3,1.3,1,1.2,1,1,1,1,1,1,1,0,1,1,1,0,0,0,1,7,4,11,Strong Risk-Attitude,4,4.5,5,4.5,4,55,4.231,43,36,4,5,12,6,27,41,26,52,119,45,28,7,5.75,6,6.5,6.3125,8,High Social Desirability,18,21,17,18,18,15,16,19,22,19,13,8,16,6,4,5,5.333333333,4.666666667,3,2.333333333,4.333333333,3.666666667,6,3.333333333,2,1.666666667,3.666666667,6,5.666666667,6,5.666666667,3.666666667,5,יהודי,3,רווק/רווקה,תאר ראשון ומעלה (15 שנות לימוד ומעלה),זמני,e9544c58-5d20-4508-82d1-4a152d502cc7,confidential,01:47.8,1.62E+12,QKQ1.190828.002 test-keys,Xiaomi
63,16/04/2021 17:34,confidential,23,Male,43,37,42,45,0.77,0.66,0.75,0.8,Secure_attachment,סגנון א': קל עבורי להתקרב רגשית לאחרים. אני מרגיש/מרגישה בנוח לסמוך עליהם ומרגיש/מרגישה בנוח כאשר סומכים עלי. אינני חושש/חוששת מלהיות לבד או שמא אחרים לא יקבלו אותי,5,3,5,1,3,2.5,4.5,3.5,3,2.5,3.5,2,2.7,0,1,1,1,1,1,1,1,0,1,1,1,0,0,1,6,5,11,Strong Risk-Attitude,3.4,4,2,1.5,3.666666667,41,3.154,41,34,9,7,20,10,46,47,37,35,119,36,27,6.25,6.25,6,5.5,6,4,Medium Social Desirablity,18,21,15,21,22,19,16,20,19,12,20,17,12,5,4.666666667,4.333333333,5.333333333,5.666666667,4,4.666666667,5.333333333,5.333333333,5.666666667,3,3.333333333,5,3.666666667,4,5.333333333,4.666666667,5,4.333333333,4,יהודי,2,רווק/רווקה,תיכונית (12 שנות לימוד),קבוע,c057fd22-d688-4bd1-a13a-3d30b93cfb1c,confidential,50:45.5,1.62E+12,QKQ1.190825.002 test-keys,Xiaomi
64,17/04/2021 14:45,confidential,24,Male,47,43,45,46,0.84,0.77,0.8,0.82,Secure_attachment,סגנון א': קל עבורי להתקרב רגשית לאחרים. אני מרגיש/מרגישה בנוח לסמוך עליהם ומרגיש/מרגישה בנוח כאשר סומכים עלי. אינני חושש/חוששת מלהיות לבד או שמא אחרים לא יקבלו אותי,6,2,5,4,4,4,3.5,2.5,5,1.5,3.5,2,2.3,1,1,1,1,1,0,0,0,1,0,0,1,1,0,0,5,3,8,Medium Risk-Attitude,2.8,4,3,3.5,4.333333333,45,3.462,43,40,12,15,25,12,64,44,35,49,128,42,26,5.25,6.25,5.75,4.75,5.5,5,Medium Social Desirablity,17,18,16,23,18,18,16,16,19,18,18,11,13,4.666666667,5.333333333,4.666666667,5.666666667,5,1.666666667,2.333333333,3.666666667,4,5,3,3.333333333,4.333333333,4.666666667,4.666666667,6,5.666666667,6,5,5,יהודי,1,רווק/רווקה,תיכונית (12 שנות לימוד),זמני,07048f64-6412-4699-a746-3fc687c33c95,confidential,17:53.8,1.62E+12,PKQ1.180904.001,Xiaomi
65,17/04/2021 23:56,confidential,29,Male,37,35,39,44,0.66,0.63,0.7,0.79,Secure_attachment,סגנון א': קל עבורי להתקרב רגשית לאחרים. אני מרגיש/מרגישה בנוח לסמוך עליהם ומרגיש/מרגישה בנוח כאשר סומכים עלי. אינני חושש/חוששת מלהיות לבד או שמא אחרים לא יקבלו אותי,6,3,2,5,3,3.5,3,3,4.5,1.8,1.5,2,1.8,0,1,1,1,1,0,1,1,1,1,1,0,1,0,0,5,5,10,Medium Risk-Attitude,3,3,3,2,3.666666667,39,3,38,29,13,15,18,11,57,51,37,33,121,44,32,4.5,5.5,4,4.75,4.6875,6,Medium Social Desirablity,12,11,13,13,16,16,17,13,22,17,15,17,9,5.666666667,5.333333333,3.333333333,4.666666667,4.666666667,3.333333333,2.333333333,4.333333333,4,5.333333333,2,3.333333333,2.333333333,4.333333333,4.333333333,5,5.333333333,5,4.333333333,4,חסר דת (אתיאיסט או אגנוסטיקן),2,מגורים משותפים ללא נישואין,תיכונית (12 שנות לימוד),קבוע,ac4eb76a-e3da-4956-90f3-02ee809b3339,confidential,24:55.8,1.62E+12,RP1A.201005.004.A1,Google
66,18/04/2021 15:12,confidential,24,Female,48,41,44,43,0.86,0.73,0.79,0.77,Secure_attachment,סגנון א': קל עבורי להתקרב רגשית לאחרים. אני מרגיש/מרגישה בנוח לסמוך עליהם ומרגיש/מרגישה בנוח כאשר סומכים עלי. אינני חושש/חוששת מלהיות לבד או שמא אחרים לא יקבלו אותי,7,4,1,1,5,3.5,5,1.5,3.5,1,2.3,2.3,1.8,1,1,1,1,1,1,1,0,1,0,1,1,1,0,1,7,5,12,Strong Risk-Attitude,3.4,4.5,5,3,4.666666667,51,3.923,46,50,12,15,29,4,60,37,58,57,152,44,24,6.5,6.5,7,6.25,6.5625,7,High Social Desirability,18,17,17,23,21,17,20,17,17,16,9,9,13,6,6,6,6,5.666666667,3,4.666666667,5.333333333,5,6,3.666666667,5.333333333,4,4,5.666666667,6,6,6,5.666666667,4,יהודי,2,רווק/רווקה,תיכונית (12 שנות לימוד),זמני,47f4825a-8b97-43bf-b76a-2a53992b6b1b,confidential,14:15.7,1.62E+12,RP1A.200720.012.G980FXXU5CTKG,samsung
67,19/04/2021 10:04,confidential,23,Male,32,28,34,35,0.57,0.5,0.61,0.63,Fearful-avoidant_attachment,"סגנון ג': אני רוצה להתמסר באופן רגשי ואינטימי לאחרים, אך לעיתים קרובות אני מוצא/מוצאת שאחרים אינם מעוניינים להתקרב אלי באופן שבו אני מעוניין/מעוניינת להתקרב אליהם. אינני מרגיש/ה בנוח כאשר אין לי מערכת יחסים קרובה, אך לעיתים חושש/ת שאחרים לא יעריכו אותי באותה מידה בה אני מעריך/מעריכה אותם.",2,6,5,4,3,3,4,4,3.5,1.5,2.5,3.3,2.4,0,1,0,1,0,1,1,1,1,0,1,0,0,1,1,4,5,9,Medium Risk-Attitude,2.8,3,2,2.5,3.666666667,38,2.923,44,44,10,8,18,6,42,28,28,29,85,42,27,6.75,6.75,5.5,3.75,5.6875,3,Medium Social Desirablity,15,16,19,17,16,13,12,19,17,17,19,13,12,2.666666667,2,3,4,3.666666667,5,2.333333333,3.333333333,4.666666667,3.333333333,4.333333333,4,3.333333333,3.666666667,3,2.666666667,4.333333333,2.333333333,3,5,יהודי,3,רווק/רווקה,תיכונית (12 שנות לימוד),זמני,e1b72cdf-cae1-460f-aef6-bdc6cc4b5435,confidential,41:11.8,1.62E+12,QP1A.190711.020.G965FXXUFFUC6,samsung
68,20/04/2021 13:51,confidential,23,Female,50,29,25,45,0.89,0.52,0.45,0.8,Secure_attachment,סגנון א': קל עבורי להתקרב רגשית לאחרים. אני מרגיש/מרגישה בנוח לסמוך עליהם ומרגיש/מרגישה בנוח כאשר סומכים עלי. אינני חושש/חוששת מלהיות לבד או שמא אחרים לא יקבלו אותי,6,1,4,1,3.5,3.5,2,3.5,5,3,4,4.3,3.8,0,1,1,1,1,1,1,0,1,1,0,1,0,0,0,6,3,9,Medium Risk-Attitude,3.4,4,4,3.5,4,48,3.692,37,29,10,15,30,10,65,54,37,31,122,40,29,6.25,5.5,3.25,4.25,4.8125,3,Medium Social Desirablity,15,13,16,15,15,14,11,17,13,19,22,17,16,3.333333333,4,5.666666667,5,4.666666667,2.333333333,4.666666667,5.666666667,2,5.666666667,3,1,3.333333333,2.666666667,5.333333333,3.666666667,4.333333333,4.666666667,3.666666667,1,יהודי,2,רווק/רווקה,תיכונית (12 שנות לימוד),,18e08aa0-0a19-4bdf-9183-14334396dbf0,confidential,27:57.2,1.62E+12,RP1A.200720.012.G975FXXS9EUB1,samsung
69,22/04/2021 21:28,confidential,18,Female,34,44,37,32,0.61,0.79,0.66,0.57,Secure_attachment,סגנון א': קל עבורי להתקרב רגשית לאחרים. אני מרגיש/מרגישה בנוח לסמוך עליהם ומרגיש/מרגישה בנוח כאשר סומכים עלי. אינני חושש/חוששת מלהיות לבד או שמא אחרים לא יקבלו אותי,5,2,3,3,3,3.5,3,2.5,3,2.5,1.5,2.3,2.1,1,1,1,1,1,1,1,1,1,0,1,1,0,0,0,7,4,11,Strong Risk-Attitude,3.2,3.5,3,3,4,44,3.385,36,37,6,4,13,7,30,31,32,43,106,37,28,3.75,3,5,3.75,3.875,1,Low Social Desirability,18,18,14,14,18,15,19,17,18,16,13,13,12,3.333333333,5,4.333333333,4,5.333333333,2,4,4,4.333333333,5.333333333,4.333333333,5,2.666666667,3.333333333,5,3.666666667,3.666666667,4.666666667,5,2,יהודי,4,רווק/רווקה,תיכונית (12 שנות לימוד),זמני,0d514ba7-9a7d-494d-8394-eb847438d5cd,confidential,04:04.1,1.62E+12,RP1A.200720.012.A505FDDU7CUBD,samsung
70,17/05/2021 21:30,confidential,26,Female,37,44,30,47,0.66,0.79,0.54,0.84,Secure_attachment,סגנון א': קל עבורי להתקרב רגשית לאחרים. אני מרגיש/מרגישה בנוח לסמוך עליהם ומרגיש/מרגישה בנוח כאשר סומכים עלי. אינני חושש/חוששת מלהיות לבד או שמא אחרים לא יקבלו אותי,5,4,1,3,4,2.5,4,3.5,4.5,3.3,2,2,2.4,0,1,1,1,0,0,1,1,1,0,0,0,0,0,1,4,3,7,Medium Risk-Attitude,4.4,5,2,4,4.666666667,56,4.308,43,46,11,11,20,9,51,46,40,42,128,43,31,5.75,5.75,7,5.75,6.0625,5,Medium Social Desirablity,18,17,15,17,16,20,16,18,17,9,12,15,12,6,6,4.333333333,5.666666667,5.333333333,4,2,4.666666667,4.666666667,5.666666667,4.333333333,5.333333333,4,5,5,6,5.666666667,6,5.666666667,4,יהודי,1,מגורים משותפים ללא נישואין,תאר ראשון ומעלה (15 שנות לימוד ומעלה),קבוע,1d5dbe6b-ee04-4019-b65f-a4785638379b,confidential,51:40.7,1.62E+12,RP1A.200720.012.A515FXXU4EUC8,samsung
71,17/05/2021 21:37,confidential,24,Female,35,47,36,39,0.63,0.84,0.64,0.7,Fearful-avoidant_attachment,"סגנון ג': אני רוצה להתמסר באופן רגשי ואינטימי לאחרים, אך לעיתים קרובות אני מוצא/מוצאת שאחרים אינם מעוניינים להתקרב אלי באופן שבו אני מעוניין/מעוניינת להתקרב אליהם. אינני מרגיש/ה בנוח כאשר אין לי מערכת יחסים קרובה, אך לעיתים חושש/ת שאחרים לא יעריכו אותי באותה מידה בה אני מעריך/מעריכה אותם.",5,3,6,1,2.5,3,3,3,3,1.5,2,1.3,1.6,0,0,1,1,0,0,1,0,1,0,1,1,0,0,1,3,4,7,Medium Risk-Attitude,3.4,3.5,4,2,4,44,3.385,34,38,8,8,17,9,42,24,30,40,94,34,34,5.75,6,4,4.75,5.125,5,Medium Social Desirablity,17,15,13,14,15,18,16,15,16,13,13,14,14,4.666666667,4.666666667,3,4.666666667,5,3.333333333,3.666666667,4.666666667,4.333333333,4,3.666666667,5.333333333,5.333333333,4,5,5,5.333333333,5,5,4,יהודי,2,מגורים משותפים ללא נישואין,תיכונית (12 שנות לימוד),זמני,db271d26-cce9-4d17-ba82-888b5051c1fb,confidential,53:57.0,1.62E+12,R16NW.G930FXXS8ETCA,samsung
72,18/05/2021 11:12,confidential,27,Female,36,51,46,44,0.64,0.91,0.82,0.79,Secure_attachment,סגנון א': קל עבורי להתקרב רגשית לאחרים. אני מרגיש/מרגישה בנוח לסמוך עליהם ומרגיש/מרגישה בנוח כאשר סומכים עלי. אינני חושש/חוששת מלהיות לבד או שמא אחרים לא יקבלו אותי,6,5,2,4,3,2,3.5,2,4,1.8,2,2.5,2.1,0,1,1,0,0,1,1,0,0,0,1,0,0,0,1,4,2,6,Medium Risk-Attitude,2.8,4,2,1.5,3,36,2.769,46,39,7,5,14,8,34,41,43,49,133,41,33,6.25,6.5,5,4.75,5.625,6,Medium Social Desirablity,21,17,14,12,16,17,16,17,19,18,12,19,8,5.666666667,6,4,5.666666667,5.666666667,2.666666667,3.333333333,5.666666667,5.666666667,6,4.333333333,6,5.333333333,4.333333333,5,5.333333333,5.666666667,6,6,3,חסר דת (אתיאיסט או אגנוסטיקן),1,מגורים משותפים ללא נישואין,תיכונית (12 שנות לימוד),קבוע,f599650a-4218-4dd2-9d95-a15c105ebce8,confidential,21:44.8,1.62E+12,QP1A.190711.020.G780FXXU1ATK1,samsung
73,18/05/2021 12:58,confidential,26,Female,40,40,39,42,0.71,0.71,0.7,0.75,Secure_attachment,סגנון א': קל עבורי להתקרב רגשית לאחרים. אני מרגיש/מרגישה בנוח לסמוך עליהם ומרגיש/מרגישה בנוח כאשר סומכים עלי. אינני חושש/חוששת מלהיות לבד או שמא אחרים לא יקבלו אותי,6,1,2,2,3.5,3.5,4,3,4,1,1.3,1.3,1.2,0,1,1,1,0,1,1,1,1,0,1,1,1,0,0,5,5,10,Medium Risk-Attitude,3.8,4,4,3.5,4,50,3.846,45,39,8,6,18,6,38,35,38,41,114,50,32,4,5,5,4,4.5,4,Medium Social Desirablity,8,10,15,16,20,15,21,14,21,13,13,10,16,5.666666667,5.666666667,4,5.666666667,5,4.333333333,2.333333333,2.333333333,4.333333333,5.666666667,2.666666667,3.666666667,2.333333333,2.333333333,5.333333333,5.666666667,6,5.333333333,4.666666667,5,יהודי,1,מגורים משותפים ללא נישואין,תיכונית (12 שנות לימוד),קבוע,4151ba55-bd5d-4914-a2e8-c2c51efbd7cd,confidential,04:32.1,1.62E+12,RP1A.200720.012.A526BXXU1AUD6,samsung
74,18/05/2021 13:30,confidential,23,Female,43,48,36,35,0.77,0.86,0.64,0.63,Secure_attachment,סגנון א': קל עבורי להתקרב רגשית לאחרים. אני מרגיש/מרגישה בנוח לסמוך עליהם ומרגיש/מרגישה בנוח כאשר סומכים עלי. אינני חושש/חוששת מלהיות לבד או שמא אחרים לא יקבלו אותי,6,2,2,5,5,4,4.5,3,2.5,1.3,2.3,2,1.8,0,1,0,1,1,0,1,0,1,0,1,0,0,0,0,4,2,6,Medium Risk-Attitude,2.2,3,2,3,3.666666667,36,2.769,33,41,12,8,23,11,54,22,24,41,87,32,30,6,5.75,6.25,6.5,6.125,10,High Social Desirability,22,20,10,24,20,18,15,13,14,16,13,22,15,4.666666667,5,4.333333333,5.666666667,5.333333333,2.666666667,2.666666667,5,4.666666667,5,2,5,4.666666667,3.666666667,4.666666667,5,5,5,5,4,יהודי,2,רווק/רווקה,תיכונית (12 שנות לימוד),זמני,9e8ac499-af9f-4a34-8bc0-b43af3eac765,confidential,47:23.6,1.62E+12,ONEPLUS A6003_22_190911,OnePlus
75,18/05/2021 14:32,confidential,25,Female,20,47,30,36,0.36,0.84,0.54,0.64,Dismissive–avoidant_attachment,סגנון ד': אני מרגיש/מרגישה בנוח ללא מערכת יחסים רגשית קרובה. מאוד חשוב לי להרגיש עצמאי/ת ובלתי תלויה ואני מעדיף/מעדיפה לא להסתמך על אחרים או שאחרים יסתמכו עלי.,3,5,3,6,3,3,3.5,4,2.5,1.8,1.3,1.8,1.6,0,0,0,1,1,0,0,1,0,0,1,0,0,0,0,2,2,4,Low Risk-Attitude,1.8,3.5,4,3,2.333333333,33,2.538,33,37,5,6,11,8,30,33,37,28,98,31,26,6,4.25,4.25,5.75,5.0625,6,Medium Social Desirablity,15,10,12,13,13,14,12,14,16,9,11,14,15,4,4.333333333,2.333333333,2.666666667,4.666666667,4.333333333,3.333333333,5,5.333333333,5,5,5,5,4,3,4,5.333333333,6,5.333333333,3,יהודי,3,רווק/רווקה,תיכונית (12 שנות לימוד),זמני,58400cd0-ace4-453b-841f-7e765f83b9f1,confidential,57:10.5,1.62E+12,RP1A.200720.012.G980FXXS7DUC9,samsung
76,18/05/2021 14:50,confidential,24,Female,32,44,44,37,0.57,0.79,0.79,0.66,Fearful-avoidant_attachment,"סגנון ג': אני רוצה להתמסר באופן רגשי ואינטימי לאחרים, אך לעיתים קרובות אני מוצא/מוצאת שאחרים אינם מעוניינים להתקרב אלי באופן שבו אני מעוניין/מעוניינת להתקרב אליהם. אינני מרגיש/ה בנוח כאשר אין לי מערכת יחסים קרובה, אך לעיתים חושש/ת שאחרים לא יעריכו אותי באותה מידה בה אני מעריך/מעריכה אותם.",4,4,6,2,3.5,3.5,3.5,3.5,3,1.3,3.5,2.5,2.4,0,0,1,1,0,0,0,1,1,0,1,0,1,0,0,2,4,6,Medium Risk-Attitude,2.2,3,3,2.5,4,37,2.846,38,42,10,8,15,11,44,46,29,40,115,38,29,3.5,4,5.75,3.25,4.125,2,Low Social Desirability,13,8,13,20,22,16,19,12,22,12,17,19,13,5,5.333333333,3.666666667,4.666666667,5,2.333333333,4,4.666666667,3.666666667,4.333333333,1.333333333,4,3,2.666666667,4.333333333,5.666666667,5,4.666666667,5.333333333,5,יהודי,1,רווק/רווקה,תיכונית (12 שנות לימוד),קבוע,82bce2f3-f6c8-4808-90a6-f13535b09409,confidential,11:40.8,1.62E+12,VOG-L29 10.1.0.150(C431E19R2P5),HUAWEI
77,18/05/2021 14:56,confidential,27,Female,39,51,34,50,0.7,0.91,0.61,0.89,Secure_attachment,סגנון א': קל עבורי להתקרב רגשית לאחרים. אני מרגיש/מרגישה בנוח לסמוך עליהם ומרגיש/מרגישה בנוח כאשר סומכים עלי. אינני חושש/חוששת מלהיות לבד או שמא אחרים לא יקבלו אותי,6,1,2,2,4,3,3,3.5,3.5,2.3,3.8,3,3,0,1,1,1,0,1,1,0,1,1,1,1,1,0,0,5,5,10,Medium Risk-Attitude,2,2.5,3,3,4,36,2.769,44,30,6,6,16,6,34,51,48,46,145,29,29,6,5,5,5.25,5.3125,5,Medium Social Desirablity,9,15,15,20,16,18,18,15,11,14,19,17,15,5.333333333,5.666666667,4,4.666666667,5.666666667,3.333333333,2,4.333333333,4.666666667,5.666666667,4.666666667,3.333333333,4,3.333333333,3,4.666666667,5.333333333,6,5,5,יהודי,4,נשוי/נשואה,תאר ראשון ומעלה (15 שנות לימוד ומעלה),קבוע,34e8eaf4-2574-4047-b3dc-cb25aeb475df,confidential,17:02.9,1.62E+12,R16NW.A520FXXSGCTL1,samsung
78,18/05/2021 16:40,confidential,29,Female,31,44,30,46,0.55,0.79,0.54,0.82,Fearful-avoidant_attachment,"סגנון ג': אני רוצה להתמסר באופן רגשי ואינטימי לאחרים, אך לעיתים קרובות אני מוצא/מוצאת שאחרים אינם מעוניינים להתקרב אלי באופן שבו אני מעוניין/מעוניינת להתקרב אליהם. אינני מרגיש/ה בנוח כאשר אין לי מערכת יחסים קרובה, אך לעיתים חושש/ת שאחרים לא יעריכו אותי באותה מידה בה אני מעריך/מעריכה אותם.",6,1,6,3,3,4.5,3,4.5,3,1.3,2.3,1.8,1.8,0,1,1,1,0,0,0,0,1,0,0,0,0,0,0,3,1,4,Low Risk-Attitude,1.8,3,1,2.5,4.333333333,34,2.615,37,41,3,3,12,4,22,18,38,25,81,36,30,6.25,2.75,6,2,4.25,4,Medium Social Desirablity,14,11,14,15,10,15,12,10,9,11,20,19,13,5,5.333333333,2.666666667,5,5,1,3.333333333,5.666666667,4.666666667,5.333333333,3,4,4.333333333,4,6,6,4.666666667,6,5.333333333,3,יהודי,2,מגורים משותפים ללא נישואין,תאר ראשון ומעלה (15 שנות לימוד ומעלה),קבוע,aa201b4c-2c31-4f3f-bf28-c130cf2ec592,confidential,42:58.3,1.62E+12,QP1A.190711.020,Xiaomi
79,18/05/2021 17:56,confidential,21,Female,40,48,34,40,0.71,0.86,0.61,0.71,Anxious-preoccupied_attachment,"סגנון ב': אינני מרגיש בנוח להתקרב לאחרים. אני שואף/שואפת למערכת יחסים רגשית קרובה אך מוצא קושי במתן אמון מוחלט באחרים, או לסמוך עליהם. אני חושש שאפגע אם ארשה לעצמי להתקרב במידה רבה מידי לאחרים.",3,7,6,2,3.5,3,4,3.5,2,1.3,1.3,2,1.5,0,0,1,1,0,0,0,1,0,0,1,0,0,0,0,2,2,4,Low Risk-Attitude,2.2,2,1,1.5,3.333333333,29,2.231,33,45,5,6,13,6,30,20,35,42,97,32,29,4.5,4.25,5.75,2.75,4.3125,5,Medium Social Desirablity,19,18,10,18,17,20,13,14,14,10,15,20,14,4.333333333,5.333333333,4.666666667,5.333333333,4.666666667,4.666666667,4,5.666666667,5.333333333,5.333333333,5,5,5.666666667,4,2,4.666666667,5,5.666666667,5.666666667,3,יהודי,4,רווק/רווקה,תיכונית (12 שנות לימוד),זמני,644d9e5c-61d3-48cf-9562-100196fc829e,confidential,09:30.6,1.62E+12,QP1A.190711.020.G9600ZHS9FUC8,samsung
80,18/05/2021 21:03,confidential,31,Female,29,41,36,31,0.52,0.73,0.64,0.55,Fearful-avoidant_attachment,"סגנון ג': אני רוצה להתמסר באופן רגשי ואינטימי לאחרים, אך לעיתים קרובות אני מוצא/מוצאת שאחרים אינם מעוניינים להתקרב אלי באופן שבו אני מעוניין/מעוניינת להתקרב אליהם. אינני מרגיש/ה בנוח כאשר אין לי מערכת יחסים קרובה, אך לעיתים חושש/ת שאחרים לא יעריכו אותי באותה מידה בה אני מעריך/מעריכה אותם.",3,4,7,6,2.5,2,4.5,3,3,3.3,3.3,5,3.8,0,1,0,0,1,0,1,0,1,0,1,0,0,1,0,3,3,6,Medium Risk-Attitude,3.2,1.5,2,1,2.333333333,30,2.308,33,46,8,3,11,5,27,11,15,43,69,22,31,6.75,5.75,5,5.5,5.75,4,Medium Social Desirablity,15,18,8,12,10,11,9,12,12,16,17,20,14,4,6,3,5.666666667,4.333333333,5.333333333,6,5,6,5.333333333,1.333333333,3.333333333,1.333333333,4,2,4.333333333,4.333333333,3.666666667,4.333333333,1,חסר דת (אתיאיסט או אגנוסטיקן),1,נשוי/נשואה,תיכונית (12 שנות לימוד),קבוע,eb92e22a-7120-4ca3-be64-ae8ae0144f08,confidential,08:25.5,1.62E+12,RP1A.200720.012.G985FXXU7DUC7,samsung
81,18/05/2021 21:18,confidential,23,Male,40,42,53,37,0.71,0.75,0.95,0.66,Secure_attachment,סגנון א': קל עבורי להתקרב רגשית לאחרים. אני מרגיש/מרגישה בנוח לסמוך עליהם ומרגיש/מרגישה בנוח כאשר סומכים עלי. אינני חושש/חוששת מלהיות לבד או שמא אחרים לא יקבלו אותי,6,1,3,5,4.5,2.5,3.5,2,5,1.5,3.5,2.3,2.4,0,1,1,1,0,1,1,0,1,0,1,1,0,0,1,5,4,9,Medium Risk-Attitude,3.2,4.5,3,1,3,39,3,46,36,11,15,22,14,62,60,27,61,148,48,34,6,5.75,6.25,6.25,6.0625,6,Medium Social Desirablity,12,16,14,23,23,14,22,16,19,18,13,17,11,6,6,3.333333333,6,6,5,4,5.333333333,4.666666667,6,5.666666667,2,5.333333333,3.666666667,4.666666667,4.666666667,5,6,4.666666667,5,יהודי,4,רווק/רווקה,תיכונית (12 שנות לימוד),זמני,60dfbfa9-f8a1-4092-9d2d-a9e99445123b,confidential,54:17.1,1.62E+12,QP1A.190711.020.G980FXXU2ATE6,samsung
82,18/05/2021 22:48,confidential,31,Female,40,41,31,43,0.71,0.73,0.55,0.77,Dismissive–avoidant_attachment,סגנון ד': אני מרגיש/מרגישה בנוח ללא מערכת יחסים רגשית קרובה. מאוד חשוב לי להרגיש עצמאי/ת ובלתי תלויה ואני מעדיף/מעדיפה לא להסתמך על אחרים או שאחרים יסתמכו עלי.,5,5,3,6,2.5,3.5,4,3.5,5,1.5,2.3,1.5,1.8,1,1,1,0,0,0,1,1,1,0,1,0,1,0,0,4,4,8,Medium Risk-Attitude,3.6,4,2,3,3.333333333,44,3.385,34,34,8,9,20,7,44,37,33,37,107,42,28,6,5,6,4.75,5.4375,4,Medium Social Desirablity,19,16,21,15,11,15,13,12,13,13,14,14,12,4.666666667,5.666666667,5.333333333,4.333333333,5.666666667,3.666666667,4,4.666666667,3.333333333,5.333333333,4.666666667,3.666666667,3.333333333,3.666666667,5.333333333,4.666666667,4.333333333,4.666666667,4.666666667,4,יהודי,3,רווק/רווקה,תאר ראשון ומעלה (15 שנות לימוד ומעלה),קבוע,d90f5edc-e0f8-4d87-b282-fcb122e0f8a1,confidential,28:20.0,1.62E+12,PPR1.180610.011.A750GNDXU3BSG3,samsung
83,19/05/2021 0:52,confidential,21,Female,43,41,43,30,0.77,0.73,0.77,0.54,Secure_attachment,סגנון א': קל עבורי להתקרב רגשית לאחרים. אני מרגיש/מרגישה בנוח לסמוך עליהם ומרגיש/מרגישה בנוח כאשר סומכים עלי. אינני חושש/חוששת מלהיות לבד או שמא אחרים לא יקבלו אותי,7,1,4,4,4,3,3.5,2.5,4,2.3,3.5,2.5,2.8,0,1,1,1,1,1,1,0,1,0,1,0,0,1,0,6,3,9,Medium Risk-Attitude,3.8,3.5,2,2,4.666666667,46,3.538,48,40,12,12,22,4,50,44,45,53,142,46,30,6,5.5,7,6.25,6.1875,5,Medium Social Desirablity,14,15,13,22,22,17,22,22,21,12,15,17,11,5.333333333,5.333333333,4.333333333,5,6,4.666666667,3,5.666666667,4,5.333333333,1.333333333,4.666666667,3.666666667,3.666666667,4.666666667,6,6,4.666666667,5,5,יהודי,2,רווק/רווקה,תאר ראשון ומעלה (15 שנות לימוד ומעלה),קבוע,5287d30c-3fc9-443b-8a14-5d3940820391,confidential,25:29.7,1.62E+12,PKQ1.190302.001,Xiaomi
84,19/05/2021 14:06,confidential,26,Male,45,39,46,52,0.8,0.7,0.82,0.93,Secure_attachment,סגנון א': קל עבורי להתקרב רגשית לאחרים. אני מרגיש/מרגישה בנוח לסמוך עליהם ומרגיש/מרגישה בנוח כאשר סומכים עלי. אינני חושש/חוששת מלהיות לבד או שמא אחרים לא יקבלו אותי,7,5,5,2,4.5,2.5,2,3,5,2,4.5,2,2.8,1,1,1,1,0,0,1,1,1,0,1,0,1,0,0,5,4,9,Medium Risk-Attitude,3.6,4.5,4,4,5,54,4.154,41,36,13,9,19,14,55,45,41,31,117,46,34,6.5,6.25,5.25,5.75,5.9375,5,Medium Social Desirablity,13,9,17,23,24,14,24,15,24,18,17,10,13,6,6,5.333333333,6,6,2.666666667,2,3,2.666666667,5,1,1.666666667,2,4,4.666666667,5.333333333,5.333333333,5,4.333333333,5,יהודי,1,רווק/רווקה,תאר ראשון ומעלה (15 שנות לימוד ומעלה),זמני,4e232dd4-b244-4391-9b61-a91efc9ee2a8,confidential,45:37.3,1.62E+12,R16NW.G930FXXS8ETC3,samsung
85,19/05/2021 16:05,confidential,18,Male,54,47,56,45,0.96,0.84,1,0.8,Secure_attachment,סגנון א': קל עבורי להתקרב רגשית לאחרים. אני מרגיש/מרגישה בנוח לסמוך עליהם ומרגיש/מרגישה בנוח כאשר סומכים עלי. אינני חושש/חוששת מלהיות לבד או שמא אחרים לא יקבלו אותי,7,1,1,1,5,2.5,5,1.5,4.5,2.5,2.8,2.3,2.5,1,1,1,1,1,1,1,1,1,0,1,0,1,0,1,7,5,12,Strong Risk-Attitude,4.4,5,5,4,5,60,4.615,50,50,15,15,26,15,71,63,42,63,168,50,31,7,6.5,6.75,6.5,6.6875,5,Medium Social Desirablity,23,24,14,24,24,18,22,19,23,20,12,12,11,6,6,6,5.666666667,6,5.333333333,6,6,6,6,2.666666667,5.666666667,5.666666667,3.333333333,6,6,6,6,6,4,יהודי,2,רווק/רווקה,תיכונית (12 שנות לימוד),זמני,950b0641-5535-4c73-b611-edcd03393432,confidential,51:15.8,1.62E+12,RP1A.200720.012.A725FXXU1AUC4,samsung
86,19/05/2021 20:07,confidential,22,Female,42,41,42,51,0.75,0.73,0.75,0.91,Fearful-avoidant_attachment,"סגנון ג': אני רוצה להתמסר באופן רגשי ואינטימי לאחרים, אך לעיתים קרובות אני מוצא/מוצאת שאחרים אינם מעוניינים להתקרב אלי באופן שבו אני מעוניין/מעוניינת להתקרב אליהם. אינני מרגיש/ה בנוח כאשר אין לי מערכת יחסים קרובה, אך לעיתים חושש/ת שאחרים לא יעריכו אותי באותה מידה בה אני מעריך/מעריכה אותם.",5,4,6,4,3.5,4,4,1.5,3.5,2.5,3.5,2.3,2.8,0,1,1,1,0,0,1,1,1,0,1,0,1,0,0,4,4,8,Medium Risk-Attitude,2.6,3,1,2.5,4,37,2.846,37,39,9,5,14,8,36,49,44,42,135,35,34,5.75,6.5,4.5,4.25,5.25,4,Medium Social Desirablity,20,16,15,18,16,15,14,15,23,15,17,14,11,4.333333333,5.333333333,3.333333333,4.333333333,4.666666667,5,3.333333333,4.666666667,4,5,2.666666667,4,4.666666667,4,6,4.666666667,5,4.333333333,4.333333333,5,יהודי,1,רווק/רווקה,תיכונית (12 שנות לימוד),זמני,f82c37c5-7678-4c82-9ddd-427ac0abd9d7,confidential,26:07.0,1.62E+12,ONEPLUS A6003_22_210420,OnePlus
87,19/05/2021 20:24,confidential,25,Female,31,51,41,42,0.55,0.91,0.73,0.75,Anxious-preoccupied_attachment,"סגנון ב': אינני מרגיש בנוח להתקרב לאחרים. אני שואף/שואפת למערכת יחסים רגשית קרובה אך מוצא קושי במתן אמון מוחלט באחרים, או לסמוך עליהם. אני חושש שאפגע אם ארשה לעצמי להתקרב במידה רבה מידי לאחרים.",2,7,1,5,4,4,4.5,3.5,3.5,1,1,2,1.3,0,0,1,1,0,0,0,0,1,0,1,0,0,0,0,2,2,4,Low Risk-Attitude,1.2,2.5,1,1.5,2,21,1.615,28,40,12,11,22,12,57,28,19,40,87,31,36,3.75,4.5,6,3.75,4.5,7,High Social Desirability,16,12,8,21,11,21,18,9,18,11,18,22,15,5,4.333333333,2.666666667,5,4.333333333,2.333333333,1.666666667,4.666666667,5,6,3.666666667,5,6,5.333333333,4.333333333,5.333333333,5,5.666666667,5,4,יהודי,1,רווק/רווקה,תאר ראשון ומעלה (15 שנות לימוד ומעלה),קבוע,21ca44be-3526-4847-9024-dd5337f8a56a,confidential,30:53.5,1.62E+12,RP1A.200720.012.A315FXXU1CUD4,samsung
88,19/05/2021 20:49,confidential,33,Male,28,30,28,28,0.5,0.54,0.5,0.5,Anxious-preoccupied_attachment,"סגנון ב': אינני מרגיש בנוח להתקרב לאחרים. אני שואף/שואפת למערכת יחסים רגשית קרובה אך מוצא קושי במתן אמון מוחלט באחרים, או לסמוך עליהם. אני חושש שאפגע אם ארשה לעצמי להתקרב במידה רבה מידי לאחרים.",5,6,3,3,2.5,3.5,3,3.5,1.5,3,3,3.3,3.1,0,1,1,1,0,1,0,0,0,0,1,0,0,0,0,4,1,5,Low Risk-Attitude,2.4,3.5,3,2,3.333333333,36,2.769,37,37,6,9,13,6,34,36,33,36,105,26,30,5,3,4.5,5,4.375,2,Low Social Desirability,10,12,13,15,15,12,14,13,14,13,12,12,14,3,3,3,3,3,3,3,3,3.333333333,3,3,3,3,3,3,3,3,3,3,2,יהודי,2,נשוי/נשואה,תיכונית (12 שנות לימוד),קבוע,a52ba679-4568-4f64-965c-2043909764e6,confidential,53:27.4,1.62E+12,RP1A.200720.012.G973FXXU9FUCD,samsung
89,19/05/2021 22:34,confidential,24,Female,42,44,49,41,0.75,0.79,0.88,0.73,Fearful-avoidant_attachment,"סגנון ג': אני רוצה להתמסר באופן רגשי ואינטימי לאחרים, אך לעיתים קרובות אני מוצא/מוצאת שאחרים אינם מעוניינים להתקרב אלי באופן שבו אני מעוניין/מעוניינת להתקרב אליהם. אינני מרגיש/ה בנוח כאשר אין לי מערכת יחסים קרובה, אך לעיתים חושש/ת שאחרים לא יעריכו אותי באותה מידה בה אני מעריך/מעריכה אותם.",2,3,6,4,4,1.5,3.5,2.5,4.5,1.8,2,3.8,2.5,0,1,0,1,1,1,1,1,1,1,1,0,0,0,1,5,5,10,Medium Risk-Attitude,3.6,4,4,3.5,4.333333333,50,3.846,42,37,3,3,9,3,18,48,31,47,126,44,30,5.75,4.5,6,5.25,5.375,3,Medium Social Desirablity,24,15,11,19,15,13,19,17,22,14,10,14,11,5.666666667,5.666666667,3.333333333,4,5.333333333,2.666666667,1.333333333,4.666666667,4,5.333333333,2.666666667,1.333333333,1.333333333,3.333333333,5.333333333,3.333333333,4,5.666666667,4.333333333,4,יהודי,2,רווק/רווקה,תאר ראשון ומעלה (15 שנות לימוד ומעלה),קבוע,2630577e-9966-42d4-b9a2-571fa93807f0,confidential,34:08.3,1.62E+12,QKQ1.190910.002 V11.0.22.0.QDIMIXM,Xiaomi
90,19/05/2021 22:58,confidential,23,Female,47,43,39,36,0.84,0.77,0.7,0.64,Fearful-avoidant_attachment,"סגנון ג': אני רוצה להתמסר באופן רגשי ואינטימי לאחרים, אך לעיתים קרובות אני מוצא/מוצאת שאחרים אינם מעוניינים להתקרב אלי באופן שבו אני מעוניין/מעוניינת להתקרב אליהם. אינני מרגיש/ה בנוח כאשר אין לי מערכת יחסים קרובה, אך לעיתים חושש/ת שאחרים לא יעריכו אותי באותה מידה בה אני מעריך/מעריכה אותם.",5,2,5,2,3.5,4,4,3.5,1.5,1.3,1.3,1.8,1.4,0,1,1,1,0,1,0,0,1,1,0,0,0,0,0,4,2,6,Medium Risk-Attitude,2.8,3,3,3.5,4.333333333,43,3.308,33,25,11,8,14,13,46,28,45,40,113,31,28,6.5,4.5,3.5,4.25,4.6875,5,Medium Social Desirablity,23,21,17,23,18,14,15,18,17,13,20,13,14,5.333333333,4.666666667,4.333333333,6,3.666666667,4,4,5,5,5.666666667,2.333333333,4,4,2.666666667,2.333333333,4.666666667,5.333333333,5.666666667,4.666666667,3,יהודי,1,רווק/רווקה,תיכונית (12 שנות לימוד),זמני,b39b2dfa-3f04-493e-8c0b-4ac90177f8a1,confidential,26:07.6,1.62E+12,ONEPLUS A6000_22_210420,OnePlus
91,20/05/2021 16:00,confidential,18,Female,41,42,38,46,0.73,0.75,0.68,0.82,Fearful-avoidant_attachment,"סגנון ג': אני רוצה להתמסר באופן רגשי ואינטימי לאחרים, אך לעיתים קרובות אני מוצא/מוצאת שאחרים אינם מעוניינים להתקרב אלי באופן שבו אני מעוניין/מעוניינת להתקרב אליהם. אינני מרגיש/ה בנוח כאשר אין לי מערכת יחסים קרובה, אך לעיתים חושש/ת שאחרים לא יעריכו אותי באותה מידה בה אני מעריך/מעריכה אותם.",6,4,7,2,3.5,4.5,3,2.5,4.5,1.3,2,3.8,2.3,0,1,1,1,0,1,1,0,1,0,0,0,0,0,0,5,1,6,Medium Risk-Attitude,2.6,4,1,3,3.666666667,39,3,36,35,11,11,21,5,48,45,43,44,132,44,29,5,5.25,6.25,4.75,5.3125,7,High Social Desirability,11,17,16,16,18,18,20,17,19,13,15,16,12,5.666666667,5,5,6,5,2.666666667,4,5,5.333333333,5.666666667,3,5,6,5.666666667,6,6,6,6,5.666666667,5,יהודי,1,רווק/רווקה,תיכונית (12 שנות לימוד),זמני,d8bda2c0-9abe-46a2-ba56-7dd69d111e49,confidential,42:00.6,1.62E+12,PKQ1.181021.001,Xiaomi
92,20/05/2021 18:01,confidential,25,Female,32,46,30,33,0.57,0.82,0.54,0.59,Anxious-preoccupied_attachment,"סגנון ב': אינני מרגיש בנוח להתקרב לאחרים. אני שואף/שואפת למערכת יחסים רגשית קרובה אך מוצא קושי במתן אמון מוחלט באחרים, או לסמוך עליהם. אני חושש שאפגע אם ארשה לעצמי להתקרב במידה רבה מידי לאחרים.",5,4,1,1,4,3,4.5,4,3.5,1.3,2.3,2,1.8,0,1,1,1,1,1,1,0,1,0,1,0,0,1,1,6,4,10,Medium Risk-Attitude,3,3,2,2,5,42,3.231,40,48,14,6,25,12,57,26,29,44,99,33,28,6,6,6.5,5,5.875,4,Medium Social Desirablity,18,14,10,20,15,17,17,16,15,11,12,14,15,4.333333333,4.333333333,2.666666667,4.333333333,5.333333333,4.333333333,3.333333333,4.333333333,5,5.333333333,3.666666667,4.666666667,5,3,4,5,5,6,5,4,יהודי,3,רווק/רווקה,תאר ראשון ומעלה (15 שנות לימוד ומעלה),זמני,d897dee5-2901-4dd8-b00c-1dc44fcf8cd7,confidential,52:31.5,1.62E+12,RP1A.200720.012.G973FXXU9FUBD,samsung
93,20/05/2021 19:45,confidential,22,Female,35,39,46,41,0.63,0.7,0.82,0.73,Fearful-avoidant_attachment,"סגנון ג': אני רוצה להתמסר באופן רגשי ואינטימי לאחרים, אך לעיתים קרובות אני מוצא/מוצאת שאחרים אינם מעוניינים להתקרב אלי באופן שבו אני מעוניין/מעוניינת להתקרב אליהם. אינני מרגיש/ה בנוח כאשר אין לי מערכת יחסים קרובה, אך לעיתים חושש/ת שאחרים לא יעריכו אותי באותה מידה בה אני מעריך/מעריכה אותם.",4,5,5,3,3.5,2,4,3.5,4,2.5,3,3.5,3,0,0,1,1,0,1,1,1,1,0,1,0,0,0,0,4,3,7,Medium Risk-Attitude,3.4,4,2,2.5,3.666666667,43,3.308,41,35,7,7,18,7,39,47,38,41,126,42,30,4,5.25,5.75,3.25,4.5625,3,Medium Social Desirablity,16,15,11,14,20,14,21,18,20,12,15,16,13,4.333333333,4.666666667,2.666666667,3.333333333,5,2.333333333,3.333333333,2.666666667,4.666666667,4,2,3.666666667,2.666666667,3,3.666666667,4.333333333,3.333333333,4,4.666666667,5,יהודי,2,רווק/רווקה,תאר ראשון ומעלה (15 שנות לימוד ומעלה),קבוע,cedf4923-48b6-454c-92a2-c4eaf0540255,confidential,28:57.9,1.62E+12,QQ3A.200805.001,Xiaomi
94,20/05/2021 22:41,confidential,20,Female,52,46,35,51,0.93,0.82,0.63,0.91,Secure_attachment,סגנון א': קל עבורי להתקרב רגשית לאחרים. אני מרגיש/מרגישה בנוח לסמוך עליהם ומרגיש/מרגישה בנוח כאשר סומכים עלי. אינני חושש/חוששת מלהיות לבד או שמא אחרים לא יקבלו אותי,6,2,2,4,4.5,4,3,2.5,4.5,1,2,1,1.3,0,1,1,1,0,0,1,0,1,0,1,0,0,0,0,4,2,6,Medium Risk-Attitude,2,2.5,1,2.5,2.333333333,28,2.154,38,28,11,9,22,14,56,51,32,37,120,37,36,3.5,5,5,3.75,4.3125,6,Medium Social Desirablity,16,18,12,22,20,17,15,13,13,17,14,17,10,5.333333333,5,4.666666667,5.333333333,4.333333333,2.333333333,1.666666667,4.666666667,5,6,6,5.666666667,4.333333333,4.666666667,5,6,6,6,6,4,יהודי,4,רווק/רווקה,תיכונית (12 שנות לימוד),זמני,ea683aad-53d8-40da-a93b-1d8523ecb935,confidential,53:19.8,1.62E+12,RP1A.200720.012.G975FXXU9EUA4,samsung
95,25/05/2021 19:10,confidential,25,Male,42,42,42,42,0.75,0.75,0.75,0.75,Secure_attachment,סגנון א': קל עבורי להתקרב רגשית לאחרים. אני מרגיש/מרגישה בנוח לסמוך עליהם ומרגיש/מרגישה בנוח כאשר סומכים עלי. אינני חושש/חוששת מלהיות לבד או שמא אחרים לא יקבלו אותי,5,3,3,4,3,3,2,2.5,4.5,3,3,3,3,1,0,1,0,1,0,1,0,0,1,0,1,1,0,1,4,4,8,Medium Risk-Attitude,3,3,3,3,3,39,3,30,30,9,9,18,9,45,36,36,36,108,32,32,4,4,4,4,4,5,Medium Social Desirablity,17,18,17,15,15,16,16,17,16,17,18,18,11,3,3,3,3,3,3,3,3,3,3,3,3,3,3,3,3,3,3,3,3,יהודי,3,רווק/רווקה,יסודית (9 שנות לימוד),זמני,ba472594-2382-4df0-8517-cb033c933fb3,confidential,11:39.3,1.62E+12,RP1A.200720.012.G973FXXU9FUBD,samsung
96,27/05/2021 11:21,confidential,41,Female,27,54,28,27,0.48,0.96,0.5,0.48,Dismissive–avoidant_attachment,סגנון ד': אני מרגיש/מרגישה בנוח ללא מערכת יחסים רגשית קרובה. מאוד חשוב לי להרגיש עצמאי/ת ובלתי תלויה ואני מעדיף/מעדיפה לא להסתמך על אחרים או שאחרים יסתמכו עלי.,4,2,1,6,3,3.5,4,3.5,3,1,1,1.3,1.1,0,1,0,1,1,0,1,1,0,0,0,0,0,0,0,4,1,5,Low Risk-Attitude,2.6,3,2,2,3,34,2.615,30,42,9,15,26,8,58,11,35,45,91,23,32,6.25,4.75,5,5.5,5.375,4,Medium Social Desirablity,14,10,7,15,16,12,15,12,13,17,11,13,14,5.666666667,5.666666667,3.333333333,5.666666667,4.666666667,3.333333333,3.333333333,6,5.666666667,6,6,5.666666667,5,5.666666667,4.666666667,6,5.666666667,6,5.666666667,4,יהודי,3,רווק/רווקה,תאר ראשון ומעלה (15 שנות לימוד ומעלה),קבוע,26ee3598-68fc-471d-a913-70f6bd3bc2e3,confidential,10:49.3,1.62E+12,RP1A.200720.012.A715FXXU3BUB5,samsung
97,27/05/2021 19:57,confidential,25,Male,51,42,42,48,0.91,0.75,0.75,0.86,Fearful-avoidant_attachment,"סגנון ג': אני רוצה להתמסר באופן רגשי ואינטימי לאחרים, אך לעיתים קרובות אני מוצא/מוצאת שאחרים אינם מעוניינים להתקרב אלי באופן שבו אני מעוניין/מעוניינת להתקרב אליהם. אינני מרגיש/ה בנוח כאשר אין לי מערכת יחסים קרובה, אך לעיתים חושש/ת שאחרים לא יעריכו אותי באותה מידה בה אני מעריך/מעריכה אותם.",5,3,6,4,3.5,2.5,3.5,1.5,5,2.8,3,2,2.6,1,1,0,1,1,1,1,1,1,0,1,0,1,0,0,6,4,10,Medium Risk-Attitude,3.4,4.5,2,4,5,51,3.923,47,35,15,15,29,13,72,49,41,52,142,46,28,7,6,6.5,6,6.375,5,Medium Social Desirablity,17,18,16,19,20,15,21,19,22,16,14,13,12,6,5.666666667,4.666666667,5,6,2.666666667,3.333333333,4.333333333,3.333333333,4.666666667,1.333333333,2.333333333,1.333333333,1.333333333,4.333333333,4.333333333,5.333333333,5.333333333,4.333333333,4,חסר דת (אתיאיסט או אגנוסטיקן),1,רווק/רווקה,תיכונית (12 שנות לימוד),זמני,c4419deb-ab38-4408-9881-cc6642bbdda3,confidential,00:58.9,1.62E+12,QP1A.190711.020.A115FXXU1ATC5,samsung
98,28/05/2021 13:42,confidential,24,Male,36,44,30,46,0.64,0.79,0.54,0.82,Fearful-avoidant_attachment,"סגנון ג': אני רוצה להתמסר באופן רגשי ואינטימי לאחרים, אך לעיתים קרובות אני מוצא/מוצאת שאחרים אינם מעוניינים להתקרב אלי באופן שבו אני מעוניין/מעוניינת להתקרב אליהם. אינני מרגיש/ה בנוח כאשר אין לי מערכת יחסים קרובה, אך לעיתים חושש/ת שאחרים לא יעריכו אותי באותה מידה בה אני מעריך/מעריכה אותם.",1,4,7,1,4,3,4.5,3,4,1.5,2,1,1.5,0,1,1,1,0,0,1,0,1,0,1,0,0,0,0,4,2,6,Medium Risk-Attitude,3,3,2,2,2.666666667,35,2.692,44,45,7,11,21,8,47,51,21,41,113,34,39,6,5.25,6,4.75,5.5,6,Medium Social Desirablity,17,18,14,16,15,14,14,12,20,15,12,17,8,5.666666667,6,4.333333333,5.666666667,5.666666667,4,2,6,4.333333333,5.666666667,1.333333333,2,2,2.666666667,6,4.666666667,2.666666667,5.666666667,4.333333333,2,יהודי,3,רווק/רווקה,תיכונית (12 שנות לימוד),זמני,afb70012-911c-4dda-a50f-9776ec3010df,confidential,41:10.4,1.62E+12,R16NW.J600FXXU1ARE4,samsung
99,28/05/2021 21:43,confidential,36,Female,36,43,33,42,0.64,0.77,0.59,0.75,Fearful-avoidant_attachment,"סגנון ג': אני רוצה להתמסר באופן רגשי ואינטימי לאחרים, אך לעיתים קרובות אני מוצא/מוצאת שאחרים אינם מעוניינים להתקרב אלי באופן שבו אני מעוניין/מעוניינת להתקרב אליהם. אינני מרגיש/ה בנוח כאשר אין לי מערכת יחסים קרובה, אך לעיתים חושש/ת שאחרים לא יעריכו אותי באותה מידה בה אני מעריך/מעריכה אותם.",5,3,6,2,3,4.5,3,3.5,2.5,3.3,2.8,2.3,2.8,1,1,1,1,0,1,1,0,1,0,1,0,0,1,0,6,3,9,Medium Risk-Attitude,3.2,3,2,3.5,3.666666667,42,3.231,37,41,7,3,15,11,36,35,41,34,110,33,33,5.25,5,4,2,4.0625,6,Medium Social Desirablity,15,14,17,16,14,14,15,17,16,15,18,12,15,5.333333333,5,5,5.666666667,5,3.666666667,3.666666667,5.666666667,5.666666667,6,2.333333333,4,5,4.333333333,5,5,4.333333333,5.333333333,5,3,יהודי,2,נשוי/נשואה,תאר ראשון ומעלה (15 שנות לימוד ומעלה),זמני,e0bb7f16-04b9-4a1a-b084-e0a05a7362dd,confidential,07:32.5,1.62E+12,QP1A.190711.020.A115FXXU1ATJ3,samsung
100,04/06/2021 17:50,confidential,36,Male,33,38,37,35,0.59,0.68,0.66,0.63,Fearful-avoidant_attachment,"סגנון ג': אני רוצה להתמסר באופן רגשי ואינטימי לאחרים, אך לעיתים קרובות אני מוצא/מוצאת שאחרים אינם מעוניינים להתקרב אלי באופן שבו אני מעוניין/מעוניינת להתקרב אליהם. אינני מרגיש/ה בנוח כאשר אין לי מערכת יחסים קרובה, אך לעיתים חושש/ת שאחרים לא יעריכו אותי באותה מידה בה אני מעריך/מעריכה אותם.",3,1,7,2,2,2.5,2.5,4.5,1.5,3.3,2.3,3,2.8,0,0,1,1,0,0,1,0,1,1,0,0,0,0,1,3,3,6,Medium Risk-Attitude,1.6,2,1,2.5,2.666666667,26,2,18,29,6,5,13,9,33,19,32,29,80,22,36,5,4.25,1.75,1.75,3.1875,3,Medium Social Desirablity,22,16,17,14,9,17,9,7,23,15,15,19,9,3,2.666666667,3,2.333333333,2.333333333,1.666666667,2,3.666666667,3.666666667,1.666666667,1,2,4,3,3.333333333,2.666666667,3.333333333,4.666666667,3.666666667,3,חסר דת (אתיאיסט או אגנוסטיקן),1,רווק/רווקה,תאר ראשון ומעלה (15 שנות לימוד ומעלה),קבוע,b438a5af-7892-4f7e-9e61-74b96f61af17,confidential,19:59.1,1.62E+12,DriffeX,Xiaomi
101,05/06/2021 23:57,confidential,30,Male,35,43,45,36,0.63,0.77,0.8,0.64,Secure_attachment,סגנון א': קל עבורי להתקרב רגשית לאחרים. אני מרגיש/מרגישה בנוח לסמוך עליהם ומרגיש/מרגישה בנוח כאשר סומכים עלי. אינני חושש/חוששת מלהיות לבד או שמא אחרים לא יקבלו אותי,6,5,2,4,3.5,1.5,2.5,1.5,3,4.3,3.5,3.3,3.7,0,1,1,1,1,1,1,1,1,0,1,1,1,1,0,6,6,12,Strong Risk-Attitude,3.2,2.5,4,4.5,2,40,3.077,46,36,7,7,18,12,44,41,37,45,123,37,26,5.5,6.25,5.25,6.75,5.9375,6,Medium Social Desirablity,17,17,14,18,21,15,17,16,18,19,10,11,14,4.666666667,4.666666667,3.333333333,4.666666667,4.333333333,5.333333333,4.666666667,4.666666667,4.333333333,5.333333333,1.666666667,4.666666667,2.333333333,3,4.666666667,4.333333333,5,5,5,4,יהודי,1,רווק/רווקה,תיכונית (12 שנות לימוד),קבוע,e73d0d07-0986-4081-a9de-645a2a61443c,confidential,28:16.2,1.62E+12,PPR1.180610.011.G955U1UEU8DUD3,samsung
102,07/06/2021 14:36,confidential,21,Female,37,44,39,44,0.66,0.79,0.7,0.79,Fearful-avoidant_attachment,"סגנון ג': אני רוצה להתמסר באופן רגשי ואינטימי לאחרים, אך לעיתים קרובות אני מוצא/מוצאת שאחרים אינם מעוניינים להתקרב אלי באופן שבו אני מעוניין/מעוניינת להתקרב אליהם. אינני מרגיש/ה בנוח כאשר אין לי מערכת יחסים קרובה, אך לעיתים חושש/ת שאחרים לא יעריכו אותי באותה מידה בה אני מעריך/מעריכה אותם.",3,5,7,1,2.5,2.5,4.5,3,4,1.5,1,1.5,1.3,1,0,1,1,0,0,1,0,0,0,1,0,0,0,0,4,1,5,Low Risk-Attitude,3.4,4,3,2,3.333333333,42,3.231,35,42,11,4,12,4,31,40,29,36,105,41,32,6.25,5,4,5.25,5.125,4,Medium Social Desirablity,14,15,16,15,14,19,16,15,13,12,16,17,10,4.666666667,5.666666667,4.333333333,3.666666667,4,2.333333333,2,4.666666667,3.333333333,4,4,4.333333333,4,5,3,4.333333333,4.666666667,4.666666667,5,3,יהודי,4,רווק/רווקה,תיכונית (12 שנות לימוד),זמני,7a50805a-dd4a-4b9c-b7bc-28f2b27f490f,confidential,21:33.8,1.62E+12,RKQ1.201022.002 test-keys,Xiaomi
103,13/06/2021 0:40,confidential,31,Male,37,40,38,34,0.66,0.71,0.68,0.61,Anxious-preoccupied_attachment,"סגנון ב': אינני מרגיש בנוח להתקרב לאחרים. אני שואף/שואפת למערכת יחסים רגשית קרובה אך מוצא קושי במתן אמון מוחלט באחרים, או לסמוך עליהם. אני חושש שאפגע אם ארשה לעצמי להתקרב במידה רבה מידי לאחרים.",3,5,3,5,3.5,3.5,3,2,3.5,3.5,2.3,3.5,3.1,1,1,1,1,0,1,1,0,1,0,1,0,1,0,1,6,4,10,Medium Risk-Attitude,3.8,3.5,2,3.5,4,47,3.615,35,37,10,11,20,6,47,45,40,45,130,39,32,5.5,4.75,5.75,5.25,5.3125,6,Medium Social Desirablity,15,16,16,14,16,14,19,15,18,16,14,13,13,5,5.666666667,6,6,5.666666667,4.666666667,3.666666667,5,4.666666667,6,4.333333333,4.333333333,4,4,6,6,5.333333333,6,5.333333333,4,יהודי,2,רווק/רווקה,תאר ראשון ומעלה (15 שנות לימוד ומעלה),קבוע,a8aebc01-0d35-4f9d-ae72-2870aca58167,confidential,45:51.9,1.62E+12,RP1A.200720.012.G975FXXUAFUE3,samsung
